order_id,platform,region,order_date,order_amount,order_status
ORD-000000,DTC,EU,2026-01-01 00:00:00.000000000,37.671504242003465,completed
ORD-000001,AMZ,UK,2026-01-01 03:30:39.679358717,86.67616032795307,completed
ORD-000002,TikTok,AU,2026-01-01 07:01:19.358717434,55.55124550090087,completed
ORD-000003,DTC,EU,2026-01-01 10:31:59.038076152,47.39904711435182,completed
ORD-000004,AMZ,EU,2026-01-01 14:02:38.717434869,51.77508425906929,completed
ORD-000005,TikTok,UK,2026-01-01 17:33:18.396793587,61.04193025124809,completed
ORD-000006,DTC,US,2026-01-01 21:03:58.076152304,74.32200706391785,completed
ORD-000007,DTC,UK,2026-01-02 00:34:37.755511022,33.120217140341865,cancelled
ORD-000008,AMZ,US,2026-01-02 04:05:17.434869739,32.43396524349064,completed
ORD-000009,DTC,US,2026-01-02 07:35:57.114228456,94.85407022605372,completed
ORD-000010,AMZ,US,2026-01-02 11:06:36.793587174,44.42629677831995,refunded
ORD-000011,TikTok,UK,2026-01-02 14:37:16.472945891,26.88528077334841,completed
ORD-000012,DTC,US,2026-01-02 18:07:56.152304609,68.16330394321474,completed
ORD-000013,TikTok,US,2026-01-02 21:38:35.831663326,68.83311164102865,completed
ORD-000014,AMZ,US,2026-01-03 01:09:15.511022044,25.397287357479048,completed
ORD-000015,AMZ,US,2026-01-03 04:39:55.190380761,61.2363432815257,cancelled
ORD-000016,DTC,US,2026-01-03 08:10:34.869739478,78.8692601085647,completed
ORD-000017,AMZ,EU,2026-01-03 11:41:14.549098196,65.83773971764599,completed
ORD-000018,TikTok,US,2026-01-03 15:11:54.228456913,74.88778116344893,completed
ORD-000019,DTC,UK,2026-01-03 18:42:33.907815631,27.054827385860975,completed
ORD-000020,DTC,UK,2026-01-03 22:13:13.587174348,64.4261803386391,completed
ORD-000021,AMZ,US,2026-01-04 01:43:53.266533066,46.93154826775397,completed
ORD-000022,TikTok,US,2026-01-04 05:14:32.945891783,42.888551290717544,completed
ORD-000023,TikTok,EU,2026-01-04 08:45:12.625250501,84.37556156112991,completed
ORD-000024,DTC,US,2026-01-04 12:15:52.304609218,114.39269881217473,completed
ORD-000025,AMZ,US,2026-01-04 15:46:31.983967935,133.91228918325757,completed
ORD-000026,DTC,AU,2026-01-04 19:17:11.663326653,105.36219976254041,completed
ORD-000027,AMZ,AU,2026-01-04 22:47:51.342685370,51.6832068285322,completed
ORD-000028,AMZ,UK,2026-01-05 02:18:31.022044088,65.12835932789531,completed
ORD-000029,DTC,US,2026-01-05 05:49:10.701402805,80.11086083985603,completed
ORD-000030,DTC,EU,2026-01-05 09:19:50.380761523,58.00846653588219,completed
ORD-000031,TikTok,EU,2026-01-05 12:50:30.060120240,58.287175445689556,completed
ORD-000032,AMZ,US,2026-01-05 16:21:09.739478957,82.42399252375816,completed
ORD-000033,AMZ,EU,2026-01-05 19:51:49.418837675,53.003538580172915,completed
ORD-000034,DTC,US,2026-01-05 23:22:29.098196392,37.91536852271011,completed
ORD-000035,AMZ,US,2026-01-06 02:53:08.777555110,44.37887052462777,completed
ORD-000036,AMZ,EU,2026-01-06 06:23:48.456913827,74.96004129822677,completed
ORD-000037,DTC,US,2026-01-06 09:54:28.136272545,54.679925293185505,completed
ORD-000038,AMZ,US,2026-01-06 13:25:07.815631262,64.72224683806414,completed
ORD-000039,DTC,UK,2026-01-06 16:55:47.494989980,76.32798302858941,completed
ORD-000040,AMZ,AU,2026-01-06 20:26:27.174348697,45.26704428706223,completed
ORD-000041,TikTok,EU,2026-01-06 23:57:06.853707414,79.68840417633278,completed
ORD-000042,DTC,UK,2026-01-07 03:27:46.533066132,65.9845947385573,completed
ORD-000043,AMZ,AU,2026-01-07 06:58:26.212424849,29.44704179143805,completed
ORD-000044,TikTok,US,2026-01-07 10:29:05.891783567,112.29758937708523,completed
ORD-000045,TikTok,US,2026-01-07 13:59:45.571142284,42.505251292522416,completed
ORD-000046,AMZ,US,2026-01-07 17:30:25.250501002,23.865939773269023,completed
ORD-000047,AMZ,US,2026-01-07 21:01:04.929859719,32.37796650133493,completed
ORD-000048,DTC,UK,2026-01-08 00:31:44.609218436,32.768818890540814,completed
ORD-000049,AMZ,US,2026-01-08 04:02:24.288577154,56.041173369956084,refunded
ORD-000050,AMZ,US,2026-01-08 07:33:03.967935871,47.61151992687477,completed
ORD-000051,AMZ,US,2026-01-08 11:03:43.647294589,46.13555985850461,completed
ORD-000052,DTC,US,2026-01-08 14:34:23.326653306,74.4293968492198,cancelled
ORD-000053,DTC,AU,2026-01-08 18:05:03.006012024,64.71141920468624,refunded
ORD-000054,DTC,US,2026-01-08 21:35:42.685370741,63.945038139166385,completed
ORD-000055,DTC,US,2026-01-09 01:06:22.364729459,67.01484946664549,cancelled
ORD-000056,DTC,US,2026-01-09 04:37:02.044088176,74.29675927388833,refunded
ORD-000057,DTC,US,2026-01-09 08:07:41.723446893,19.030126508115785,completed
ORD-000058,AMZ,EU,2026-01-09 11:38:21.402805611,45.50311903684484,completed
ORD-000059,AMZ,US,2026-01-09 15:09:01.082164328,18.354870612508712,completed
ORD-000060,DTC,US,2026-01-09 18:39:40.761523046,55.59148062787712,completed
ORD-000061,DTC,US,2026-01-09 22:10:20.440881763,54.47182055357609,completed
ORD-000062,DTC,UK,2026-01-10 01:41:00.120240481,92.08997952485576,completed
ORD-000063,DTC,EU,2026-01-10 05:11:39.799599198,98.87112123679931,completed
ORD-000064,DTC,EU,2026-01-10 08:42:19.478957915,60.42406931331872,completed
ORD-000065,DTC,EU,2026-01-10 12:12:59.158316633,42.513405992190904,completed
ORD-000066,DTC,UK,2026-01-10 15:43:38.837675350,69.58719400795991,completed
ORD-000067,AMZ,US,2026-01-10 19:14:18.517034068,41.93166130601674,completed
ORD-000068,AMZ,US,2026-01-10 22:44:58.196392785,54.56014517033769,completed
ORD-000069,AMZ,EU,2026-01-11 02:15:37.875751503,89.39530450461528,completed
ORD-000070,AMZ,US,2026-01-11 05:46:17.555110220,41.31040176634988,completed
ORD-000071,AMZ,UK,2026-01-11 09:16:57.234468937,81.68246234318659,refunded
ORD-000072,TikTok,US,2026-01-11 12:47:36.913827655,76.60793675327669,cancelled
ORD-000073,AMZ,UK,2026-01-11 16:18:16.593186372,33.87252085517392,cancelled
ORD-000074,AMZ,UK,2026-01-11 19:48:56.272545090,88.8497787200649,completed
ORD-000075,AMZ,EU,2026-01-11 23:19:35.951903807,77.42294414783551,completed
ORD-000076,AMZ,AU,2026-01-12 02:50:15.631262525,57.45275418406176,completed
ORD-000077,DTC,EU,2026-01-12 06:20:55.310621242,37.29421687211282,completed
ORD-000078,DTC,UK,2026-01-12 09:51:34.989979960,35.530695708345995,refunded
ORD-000079,DTC,US,2026-01-12 13:22:14.669338677,41.72784749463288,completed
ORD-000080,DTC,US,2026-01-12 16:52:54.348697394,71.61447595300687,completed
ORD-000081,AMZ,EU,2026-01-12 20:23:34.028056112,33.8584099579982,completed
ORD-000082,TikTok,US,2026-01-12 23:54:13.707414829,67.94891170199881,completed
ORD-000083,AMZ,US,2026-01-13 03:24:53.386773547,29.345001806199644,completed
ORD-000084,AMZ,AU,2026-01-13 06:55:33.066132264,49.302052240597945,completed
ORD-000085,AMZ,EU,2026-01-13 10:26:12.745490982,57.67500422337818,refunded
ORD-000086,DTC,US,2026-01-13 13:56:52.424849699,185.40916258273703,completed
ORD-000087,DTC,US,2026-01-13 17:27:32.104208416,27.42190570427752,completed
ORD-000088,AMZ,US,2026-01-13 20:58:11.783567134,113.97820925584688,completed
ORD-000089,DTC,US,2026-01-14 00:28:51.462925851,58.84584376473313,completed
ORD-000090,AMZ,AU,2026-01-14 03:59:31.142284569,67.05988049716791,completed
ORD-000091,DTC,US,2026-01-14 07:30:10.821643286,57.92644156124778,completed
ORD-000092,AMZ,US,2026-01-14 11:00:50.501002004,68.19446540231252,completed
ORD-000093,AMZ,EU,2026-01-14 14:31:30.180360721,50.5598330501641,refunded
ORD-000094,AMZ,US,2026-01-14 18:02:09.859719439,112.95901917074798,completed
ORD-000095,DTC,US,2026-01-14 21:32:49.539078156,43.45667339728183,completed
ORD-000096,AMZ,EU,2026-01-15 01:03:29.218436873,96.16998339771597,completed
ORD-000097,AMZ,EU,2026-01-15 04:34:08.897795591,39.55991823506244,completed
ORD-000098,AMZ,AU,2026-01-15 08:04:48.577154308,52.97785927802925,completed
ORD-000099,TikTok,EU,2026-01-15 11:35:28.256513026,31.94509742602822,refunded
ORD-000100,TikTok,US,2026-01-15 15:06:07.935871743,68.54646662410684,completed
ORD-000101,DTC,UK,2026-01-15 18:36:47.615230461,112.4561062072978,completed
ORD-000102,AMZ,AU,2026-01-15 22:07:27.294589178,52.526715670925306,completed
ORD-000103,TikTok,EU,2026-01-16 01:38:06.973947895,49.47943608577698,completed
ORD-000104,DTC,AU,2026-01-16 05:08:46.653306613,31.271011506933405,completed
ORD-000105,DTC,UK,2026-01-16 08:39:26.332665330,48.68415769802979,completed
ORD-000106,AMZ,UK,2026-01-16 12:10:06.012024048,24.621077133369496,completed
ORD-000107,AMZ,US,2026-01-16 15:40:45.691382765,34.58987491211547,completed
ORD-000108,AMZ,EU,2026-01-16 19:11:25.370741483,61.15386241231823,completed
ORD-000109,TikTok,US,2026-01-16 22:42:05.050100200,105.5839740505847,completed
ORD-000110,DTC,EU,2026-01-17 02:12:44.729458918,222.42843971443256,completed
ORD-000111,AMZ,EU,2026-01-17 05:43:24.408817635,40.719514833141666,refunded
ORD-000112,AMZ,AU,2026-01-17 09:14:04.088176352,111.90497552085411,completed
ORD-000113,DTC,AU,2026-01-17 12:44:43.767535070,61.674850610095696,completed
ORD-000114,AMZ,US,2026-01-17 16:15:23.446893787,50.621489338736986,completed
ORD-000115,TikTok,EU,2026-01-17 19:46:03.126252505,67.78203747601586,completed
ORD-000116,DTC,EU,2026-01-17 23:16:42.805611222,56.31484864464848,completed
ORD-000117,DTC,US,2026-01-18 02:47:22.484969940,57.69657787363695,completed
ORD-000118,AMZ,US,2026-01-18 06:18:02.164328657,44.515320845735545,completed
ORD-000119,DTC,US,2026-01-18 09:48:41.843687374,27.13827709062056,completed
ORD-000120,DTC,UK,2026-01-18 13:19:21.523046092,25.233876536229904,completed
ORD-000121,DTC,US,2026-01-18 16:50:01.202404809,75.68821300438105,completed
ORD-000122,AMZ,AU,2026-01-18 20:20:40.881763527,47.54373170486753,completed
ORD-000123,AMZ,US,2026-01-18 23:51:20.561122244,40.52647848231516,completed
ORD-000124,AMZ,AU,2026-01-19 03:22:00.240480962,54.830840218376025,cancelled
ORD-000125,DTC,US,2026-01-19 06:52:39.919839679,81.24474372142595,completed
ORD-000126,AMZ,UK,2026-01-19 10:23:19.599198397,59.75076365179934,completed
ORD-000127,AMZ,US,2026-01-19 13:53:59.278557114,39.329407900580904,refunded
ORD-000128,AMZ,EU,2026-01-19 17:24:38.957915831,100.8008187197953,completed
ORD-000129,DTC,UK,2026-01-19 20:55:18.637274549,120.25238608489258,completed
ORD-000130,AMZ,AU,2026-01-20 00:25:58.316633266,69.91486780264853,refunded
ORD-000131,TikTok,UK,2026-01-20 03:56:37.995991984,88.83953418163576,completed
ORD-000132,DTC,US,2026-01-20 07:27:17.675350701,101.5935448725435,completed
ORD-000133,AMZ,US,2026-01-20 10:57:57.354709419,96.06736443069578,completed
ORD-000134,DTC,US,2026-01-20 14:28:37.034068136,74.22118255102967,completed
ORD-000135,AMZ,US,2026-01-20 17:59:16.713426853,73.63890771868847,completed
ORD-000136,TikTok,EU,2026-01-20 21:29:56.392785571,70.79796707611612,completed
ORD-000137,DTC,EU,2026-01-21 01:00:36.072144288,31.542352378503125,completed
ORD-000138,DTC,UK,2026-01-21 04:31:15.751503006,77.50648253156547,completed
ORD-000139,AMZ,UK,2026-01-21 08:01:55.430861723,27.718304699831084,completed
ORD-000140,DTC,EU,2026-01-21 11:32:35.110220441,36.697193195071264,completed
ORD-000141,DTC,UK,2026-01-21 15:03:14.789579158,104.771578114114,refunded
ORD-000142,TikTok,US,2026-01-21 18:33:54.468937875,83.10543321286978,completed
ORD-000143,DTC,US,2026-01-21 22:04:34.148296593,114.85829427352846,completed
ORD-000144,DTC,EU,2026-01-22 01:35:13.827655310,47.66335235480626,completed
ORD-000145,AMZ,UK,2026-01-22 05:05:53.507014028,30.688119089943214,completed
ORD-000146,AMZ,US,2026-01-22 08:36:33.186372745,48.41363076576274,completed
ORD-000147,DTC,EU,2026-01-22 12:07:12.865731463,57.455782307474585,refunded
ORD-000148,AMZ,EU,2026-01-22 15:37:52.545090180,56.797616292776226,completed
ORD-000149,AMZ,US,2026-01-22 19:08:32.224448898,96.23953494171955,completed
ORD-000150,TikTok,US,2026-01-22 22:39:11.903807615,45.575249156177634,completed
ORD-000151,TikTok,UK,2026-01-23 02:09:51.583166332,65.10603418295958,completed
ORD-000152,AMZ,EU,2026-01-23 05:40:31.262525050,33.30429691947289,completed
ORD-000153,DTC,US,2026-01-23 09:11:10.941883767,68.38535127333792,completed
ORD-000154,AMZ,UK,2026-01-23 12:41:50.621242485,54.68307656035077,completed
ORD-000155,DTC,US,2026-01-23 16:12:30.300601202,37.52822553763742,completed
ORD-000156,AMZ,UK,2026-01-23 19:43:09.979959920,48.52530036376478,completed
ORD-000157,DTC,US,2026-01-23 23:13:49.659318637,49.79487797047029,refunded
ORD-000158,DTC,EU,2026-01-24 02:44:29.338677354,47.699572487668156,cancelled
ORD-000159,DTC,US,2026-01-24 06:15:09.018036072,132.379211870479,completed
ORD-000160,AMZ,US,2026-01-24 09:45:48.697394789,51.97573623639003,completed
ORD-000161,TikTok,UK,2026-01-24 13:16:28.376753507,48.329973856103244,completed
ORD-000162,AMZ,US,2026-01-24 16:47:08.056112224,19.130320195698815,cancelled
ORD-000163,AMZ,US,2026-01-24 20:17:47.735470942,34.914294295105634,completed
ORD-000164,DTC,US,2026-01-24 23:48:27.414829659,47.86876900849565,completed
ORD-000165,AMZ,EU,2026-01-25 03:19:07.094188376,38.747787675008226,completed
ORD-000166,TikTok,UK,2026-01-25 06:49:46.773547094,108.94615797849075,completed
ORD-000167,TikTok,AU,2026-01-25 10:20:26.452905811,50.27616521923851,completed
ORD-000168,AMZ,US,2026-01-25 13:51:06.132264529,103.98244893497403,refunded
ORD-000169,TikTok,US,2026-01-25 17:21:45.811623246,56.3088838206526,completed
ORD-000170,AMZ,US,2026-01-25 20:52:25.490981964,55.62395302077217,completed
ORD-000171,DTC,EU,2026-01-26 00:23:05.170340681,52.22711352068142,cancelled
ORD-000172,AMZ,AU,2026-01-26 03:53:44.849699399,54.70188260853494,completed
ORD-000173,TikTok,EU,2026-01-26 07:24:24.529058116,128.94648863583623,completed
ORD-000174,AMZ,EU,2026-01-26 10:55:04.208416833,17.119097216196757,completed
ORD-000175,AMZ,US,2026-01-26 14:25:43.887775551,20.07001936700569,completed
ORD-000176,AMZ,AU,2026-01-26 17:56:23.567134268,41.61308181218222,completed
ORD-000177,TikTok,US,2026-01-26 21:27:03.246492986,54.99619169735033,completed
ORD-000178,TikTok,US,2026-01-27 00:57:42.925851703,77.09606274329603,completed
ORD-000179,DTC,US,2026-01-27 04:28:22.605210421,69.1683645916076,completed
ORD-000180,TikTok,US,2026-01-27 07:59:02.284569138,45.05468812463456,completed
ORD-000181,TikTok,US,2026-01-27 11:29:41.963927856,90.87835432787413,completed
ORD-000182,DTC,US,2026-01-27 15:00:21.643286573,91.38649419077407,completed
ORD-000183,AMZ,US,2026-01-27 18:31:01.322645290,59.86122194729614,completed
ORD-000184,DTC,EU,2026-01-27 22:01:41.002004008,88.35199562619417,refunded
ORD-000185,DTC,US,2026-01-28 01:32:20.681362725,62.572296467873294,completed
ORD-000186,AMZ,US,2026-01-28 05:03:00.360721443,41.23380734943679,completed
ORD-000187,AMZ,AU,2026-01-28 08:33:40.040080160,77.3939350888241,completed
ORD-000188,DTC,UK,2026-01-28 12:04:19.719438878,57.70284974500462,completed
ORD-000189,AMZ,EU,2026-01-28 15:34:59.398797595,54.63473886469407,completed
ORD-000190,TikTok,US,2026-01-28 19:05:39.078156313,114.03173491413989,completed
ORD-000191,AMZ,UK,2026-01-28 22:36:18.757515030,16.03163464814957,refunded
ORD-000192,AMZ,US,2026-01-29 02:06:58.436873747,26.87396341018699,completed
ORD-000193,TikTok,US,2026-01-29 05:37:38.116232465,30.15843906957384,refunded
ORD-000194,AMZ,AU,2026-01-29 09:08:17.795591182,45.52991926941287,refunded
ORD-000195,AMZ,EU,2026-01-29 12:38:57.474949900,48.07180906249854,completed
ORD-000196,DTC,EU,2026-01-29 16:09:37.154308617,25.69604723826254,completed
ORD-000197,TikTok,EU,2026-01-29 19:40:16.833667335,33.36211530303192,completed
ORD-000198,AMZ,EU,2026-01-29 23:10:56.513026052,35.50164951943954,refunded
ORD-000199,AMZ,US,2026-01-30 02:41:36.192384769,186.55237785062326,completed
ORD-000200,DTC,US,2026-01-30 06:12:15.871743487,134.4067935251306,completed
ORD-000201,TikTok,US,2026-01-30 09:42:55.551102204,44.439347909389056,cancelled
ORD-000202,DTC,US,2026-01-30 13:13:35.230460922,45.52257491292278,completed
ORD-000203,AMZ,UK,2026-01-30 16:44:14.909819639,30.734874940980283,completed
ORD-000204,AMZ,US,2026-01-30 20:14:54.589178357,21.0296804236663,completed
ORD-000205,AMZ,EU,2026-01-30 23:45:34.268537074,51.498872117342295,refunded
ORD-000206,AMZ,UK,2026-01-31 03:16:13.947895791,33.1510373376137,cancelled
ORD-000207,DTC,UK,2026-01-31 06:46:53.627254509,52.33025713899446,completed
ORD-000208,AMZ,US,2026-01-31 10:17:33.306613226,24.53000532810947,completed
ORD-000209,DTC,US,2026-01-31 13:48:12.985971944,37.30072527552846,completed
ORD-000210,DTC,AU,2026-01-31 17:18:52.665330661,58.81009640022842,completed
ORD-000211,DTC,EU,2026-01-31 20:49:32.344689379,65.56911642505328,completed
ORD-000212,AMZ,UK,2026-02-01 00:20:12.024048096,67.27145354102758,completed
ORD-000213,TikTok,AU,2026-02-01 03:50:51.703406814,28.21222819581626,completed
ORD-000214,DTC,UK,2026-02-01 07:21:31.382765531,83.70869584149287,completed
ORD-000215,DTC,US,2026-02-01 10:52:11.062124248,36.59436078775884,completed
ORD-000216,AMZ,EU,2026-02-01 14:22:50.741482966,74.92060533564967,completed
ORD-000217,AMZ,US,2026-02-01 17:53:30.420841683,54.30849507142492,completed
ORD-000218,TikTok,EU,2026-02-01 21:24:10.100200401,27.434634566864442,completed
ORD-000219,AMZ,AU,2026-02-02 00:54:49.779559118,46.61401037222527,completed
ORD-000220,AMZ,EU,2026-02-02 04:25:29.458917836,65.54139128223689,cancelled
ORD-000221,DTC,US,2026-02-02 07:56:09.138276553,74.17911861152115,completed
ORD-000222,DTC,US,2026-02-02 11:26:48.817635270,50.88183844188594,completed
ORD-000223,TikTok,AU,2026-02-02 14:57:28.496993988,117.43552332353171,refunded
ORD-000224,AMZ,US,2026-02-02 18:28:08.176352705,90.35581587709059,completed
ORD-000225,TikTok,US,2026-02-02 21:58:47.855711423,48.022658028918535,completed
ORD-000226,AMZ,US,2026-02-03 01:29:27.535070140,79.44467806791451,completed
ORD-000227,DTC,US,2026-02-03 05:00:07.214428858,143.58062765355353,cancelled
ORD-000228,DTC,US,2026-02-03 08:30:46.893787575,145.50963442394732,completed
ORD-000229,AMZ,EU,2026-02-03 12:01:26.573146292,29.547527233485102,cancelled
ORD-000230,AMZ,US,2026-02-03 15:32:06.252505010,34.35451477128995,completed
ORD-000231,AMZ,US,2026-02-03 19:02:45.931863727,114.71598676487021,completed
ORD-000232,TikTok,US,2026-02-03 22:33:25.611222445,32.16437503105816,completed
ORD-000233,DTC,US,2026-02-04 02:04:05.290581162,28.183295192225113,completed
ORD-000234,TikTok,US,2026-02-04 05:34:44.969939880,42.81561766102317,completed
ORD-000235,TikTok,EU,2026-02-04 09:05:24.649298597,67.36417542575012,completed
ORD-000236,DTC,US,2026-02-04 12:36:04.328657315,51.87316719232714,refunded
ORD-000237,DTC,US,2026-02-04 16:06:44.008016032,39.43754138951123,completed
ORD-000238,AMZ,US,2026-02-04 19:37:23.687374749,38.97396149354344,completed
ORD-000239,AMZ,US,2026-02-04 23:08:03.366733467,38.238064325296136,completed
ORD-000240,TikTok,US,2026-02-05 02:38:43.046092184,35.17181971419857,completed
ORD-000241,DTC,US,2026-02-05 06:09:22.725450902,170.85520418336884,completed
ORD-000242,AMZ,UK,2026-02-05 09:40:02.404809619,63.35510804202858,completed
ORD-000243,DTC,US,2026-02-05 13:10:42.084168337,85.06192555707224,completed
ORD-000244,DTC,EU,2026-02-05 16:41:21.763527054,42.753936197545784,completed
ORD-000245,TikTok,US,2026-02-05 20:12:01.442885771,49.75055709378721,cancelled
ORD-000246,DTC,US,2026-02-05 23:42:41.122244489,38.21480512768922,completed
ORD-000247,AMZ,US,2026-02-06 03:13:20.801603206,14.499959155208648,completed
ORD-000248,AMZ,UK,2026-02-06 06:44:00.480961924,27.412397143889322,completed
ORD-000249,AMZ,UK,2026-02-06 10:14:40.160320641,22.080407128061477,completed
ORD-000250,DTC,US,2026-02-06 13:45:19.839679359,17.727340538808775,refunded
ORD-000251,TikTok,US,2026-02-06 17:15:59.519038076,30.033712864104523,refunded
ORD-000252,DTC,US,2026-02-06 20:46:39.198396794,105.89815598819271,refunded
ORD-000253,AMZ,US,2026-02-07 00:17:18.877755511,53.398460509893084,completed
ORD-000254,AMZ,EU,2026-02-07 03:47:58.557114228,104.09270342240681,completed
ORD-000255,DTC,US,2026-02-07 07:18:38.236472946,67.05353220139554,completed
ORD-000256,TikTok,US,2026-02-07 10:49:17.915831663,80.74365739755783,completed
ORD-000257,AMZ,AU,2026-02-07 14:19:57.595190381,34.797707297269014,completed
ORD-000258,AMZ,US,2026-02-07 17:50:37.274549098,70.95000521413583,completed
ORD-000259,DTC,US,2026-02-07 21:21:16.953907816,78.5988538318751,refunded
ORD-000260,AMZ,EU,2026-02-08 00:51:56.633266533,40.922349399207015,completed
ORD-000261,TikTok,US,2026-02-08 04:22:36.312625250,72.2238400003969,completed
ORD-000262,AMZ,US,2026-02-08 07:53:15.991983968,72.46428931118146,completed
ORD-000263,AMZ,US,2026-02-08 11:23:55.671342685,41.48051045907513,completed
ORD-000264,TikTok,AU,2026-02-08 14:54:35.350701403,31.14381854176753,completed
ORD-000265,AMZ,US,2026-02-08 18:25:15.030060120,30.202836205206676,completed
ORD-000266,AMZ,US,2026-02-08 21:55:54.709418838,57.01148683547005,cancelled
ORD-000267,AMZ,US,2026-02-09 01:26:34.388777555,64.29648308879753,completed
ORD-000268,AMZ,US,2026-02-09 04:57:14.068136272,36.73526102877289,completed
ORD-000269,AMZ,EU,2026-02-09 08:27:53.747494990,55.328750317068085,completed
ORD-000270,AMZ,US,2026-02-09 11:58:33.426853707,72.62204443304871,completed
ORD-000271,AMZ,EU,2026-02-09 15:29:13.106212425,74.373177348931,completed
ORD-000272,AMZ,EU,2026-02-09 18:59:52.785571142,118.62177381530421,completed
ORD-000273,DTC,UK,2026-02-09 22:30:32.464929860,103.38815662447172,completed
ORD-000274,DTC,US,2026-02-10 02:01:12.144288577,33.09407567124091,completed
ORD-000275,AMZ,UK,2026-02-10 05:31:51.823647295,126.69632796310377,completed
ORD-000276,AMZ,EU,2026-02-10 09:02:31.503006012,41.86757863124332,completed
ORD-000277,DTC,US,2026-02-10 12:33:11.182364729,92.0596195939631,completed
ORD-000278,TikTok,UK,2026-02-10 16:03:50.861723447,56.48602785823503,completed
ORD-000279,TikTok,UK,2026-02-10 19:34:30.541082164,44.43046179998689,completed
ORD-000280,AMZ,US,2026-02-10 23:05:10.220440882,22.112688192032167,completed
ORD-000281,AMZ,AU,2026-02-11 02:35:49.899799599,50.10985748336351,cancelled
ORD-000282,AMZ,US,2026-02-11 06:06:29.579158317,25.035839601990574,completed
ORD-000283,AMZ,EU,2026-02-11 09:37:09.258517034,88.55728386403295,completed
ORD-000284,DTC,AU,2026-02-11 13:07:48.937875751,116.55885383416789,completed
ORD-000285,AMZ,US,2026-02-11 16:38:28.617234469,36.65480428760511,completed
ORD-000286,AMZ,UK,2026-02-11 20:09:08.296593186,63.49653714484649,completed
ORD-000287,AMZ,US,2026-02-11 23:39:47.975951904,37.98928852221057,refunded
ORD-000288,DTC,UK,2026-02-12 03:10:27.655310621,39.875321945135205,completed
ORD-000289,AMZ,EU,2026-02-12 06:41:07.334669339,80.41874951600158,completed
ORD-000290,TikTok,US,2026-02-12 10:11:47.014028056,53.55616247003954,completed
ORD-000291,AMZ,US,2026-02-12 13:42:26.693386773,130.29798516514018,completed
ORD-000292,TikTok,US,2026-02-12 17:13:06.372745491,42.90051200231028,completed
ORD-000293,AMZ,US,2026-02-12 20:43:46.052104208,89.987265532639,completed
ORD-000294,TikTok,US,2026-02-13 00:14:25.731462926,57.32327326716111,completed
ORD-000295,TikTok,US,2026-02-13 03:45:05.410821643,81.27910763518787,completed
ORD-000296,TikTok,US,2026-02-13 07:15:45.090180361,43.65951189323804,completed
ORD-000297,TikTok,US,2026-02-13 10:46:24.769539078,53.26186417727807,completed
ORD-000298,DTC,EU,2026-02-13 14:17:04.448897796,51.534452281807276,completed
ORD-000299,DTC,EU,2026-02-13 17:47:44.128256513,35.94433323151225,completed
ORD-000300,DTC,EU,2026-02-13 21:18:23.807615230,76.02336804414527,completed
ORD-000301,AMZ,US,2026-02-14 00:49:03.486973948,75.57492156253636,completed
ORD-000302,DTC,UK,2026-02-14 04:19:43.166332665,73.4626671651385,completed
ORD-000303,DTC,EU,2026-02-14 07:50:22.845691383,117.74047371120707,completed
ORD-000304,TikTok,US,2026-02-14 11:21:02.525050100,112.6935739810208,completed
ORD-000305,DTC,US,2026-02-14 14:51:42.204408818,45.264707957862626,completed
ORD-000306,AMZ,EU,2026-02-14 18:22:21.883767535,65.79383620300082,completed
ORD-000307,DTC,US,2026-02-14 21:53:01.563126252,39.972817290710914,completed
ORD-000308,AMZ,EU,2026-02-15 01:23:41.242484970,55.2394658050571,completed
ORD-000309,AMZ,AU,2026-02-15 04:54:20.921843687,40.45237173134283,completed
ORD-000310,DTC,US,2026-02-15 08:25:00.601202405,122.73593217010146,completed
ORD-000311,AMZ,US,2026-02-15 11:55:40.280561122,65.48683140466545,completed
ORD-000312,AMZ,AU,2026-02-15 15:26:19.959919840,48.95910882564317,completed
ORD-000313,AMZ,EU,2026-02-15 18:56:59.639278557,99.16739550573084,refunded
ORD-000314,AMZ,US,2026-02-15 22:27:39.318637275,18.443136486112202,completed
ORD-000315,AMZ,UK,2026-02-16 01:58:18.997995992,19.94440599109882,completed
ORD-000316,AMZ,UK,2026-02-16 05:28:58.677354709,81.28157227762208,completed
ORD-000317,DTC,EU,2026-02-16 08:59:38.356713427,56.27409044948826,completed
ORD-000318,AMZ,EU,2026-02-16 12:30:18.036072144,61.88161660056715,completed
ORD-000319,TikTok,US,2026-02-16 16:00:57.715430862,28.12902463276006,completed
ORD-000320,TikTok,US,2026-02-16 19:31:37.394789579,53.96756103986323,completed
ORD-000321,DTC,EU,2026-02-16 23:02:17.074148297,148.67380905974142,refunded
ORD-000322,AMZ,US,2026-02-17 02:32:56.753507014,82.44239523630577,completed
ORD-000323,DTC,EU,2026-02-17 06:03:36.432865731,59.433216628396615,completed
ORD-000324,TikTok,UK,2026-02-17 09:34:16.112224449,43.83677359590209,refunded
ORD-000325,DTC,US,2026-02-17 13:04:55.791583166,44.822649195429335,completed
ORD-000326,TikTok,EU,2026-02-17 16:35:35.470941884,18.829053114531753,completed
ORD-000327,DTC,US,2026-02-17 20:06:15.150300601,62.1046093275168,completed
ORD-000328,DTC,UK,2026-02-17 23:36:54.829659319,83.32441089825906,completed
ORD-000329,AMZ,US,2026-02-18 03:07:34.509018036,24.83342024263473,completed
ORD-000330,DTC,EU,2026-02-18 06:38:14.188376753,39.224107846444475,completed
ORD-000331,AMZ,EU,2026-02-18 10:08:53.867735471,30.608191949044347,completed
ORD-000332,DTC,US,2026-02-18 13:39:33.547094188,33.694155755309325,completed
ORD-000333,TikTok,EU,2026-02-18 17:10:13.226452906,56.07784492540254,completed
ORD-000334,AMZ,EU,2026-02-18 20:40:52.905811623,19.255542136756798,completed
ORD-000335,DTC,EU,2026-02-19 00:11:32.585170341,74.2275384291984,completed
ORD-000336,AMZ,UK,2026-02-19 03:42:12.264529058,79.59311029065731,refunded
ORD-000337,DTC,AU,2026-02-19 07:12:51.943887776,48.15614277835808,completed
ORD-000338,AMZ,US,2026-02-19 10:43:31.623246493,15.794246766315103,completed
ORD-000339,TikTok,EU,2026-02-19 14:14:11.302605210,33.1748044930203,completed
ORD-000340,AMZ,US,2026-02-19 17:44:50.981963928,101.13446490081202,completed
ORD-000341,TikTok,UK,2026-02-19 21:15:30.661322645,13.612695631770189,completed
ORD-000342,TikTok,EU,2026-02-20 00:46:10.340681363,45.8895899974659,completed
ORD-000343,DTC,US,2026-02-20 04:16:50.020040080,30.2652324791515,completed
ORD-000344,DTC,US,2026-02-20 07:47:29.699398798,81.63720900884552,refunded
ORD-000345,DTC,UK,2026-02-20 11:18:09.378757515,38.956398125705235,completed
ORD-000346,TikTok,US,2026-02-20 14:48:49.058116232,66.81830101880674,completed
ORD-000347,AMZ,EU,2026-02-20 18:19:28.737474950,72.43794103594406,completed
ORD-000348,DTC,US,2026-02-20 21:50:08.416833667,136.7443220613581,refunded
ORD-000349,AMZ,AU,2026-02-21 01:20:48.096192385,49.329832915462205,completed
ORD-000350,DTC,US,2026-02-21 04:51:27.775551102,65.89233912897986,completed
ORD-000351,AMZ,US,2026-02-21 08:22:07.454909820,25.983773848123235,completed
ORD-000352,DTC,UK,2026-02-21 11:52:47.134268537,99.0086065938026,completed
ORD-000353,DTC,AU,2026-02-21 15:23:26.813627254,37.32806945572338,completed
ORD-000354,DTC,US,2026-02-21 18:54:06.492985972,41.24883697988244,refunded
ORD-000355,DTC,US,2026-02-21 22:24:46.172344689,53.99417133919061,refunded
ORD-000356,DTC,EU,2026-02-22 01:55:25.851703407,24.992051325443313,completed
ORD-000357,DTC,UK,2026-02-22 05:26:05.531062124,61.21455661760154,completed
ORD-000358,DTC,US,2026-02-22 08:56:45.210420842,88.56468034805425,cancelled
ORD-000359,DTC,EU,2026-02-22 12:27:24.889779559,63.2102778252757,refunded
ORD-000360,TikTok,EU,2026-02-22 15:58:04.569138277,24.66909431602753,completed
ORD-000361,AMZ,EU,2026-02-22 19:28:44.248496994,51.32076021329307,completed
ORD-000362,AMZ,UK,2026-02-22 22:59:23.927855712,79.1238583156219,completed
ORD-000363,AMZ,EU,2026-02-23 02:30:03.607214429,21.349015303969082,completed
ORD-000364,DTC,US,2026-02-23 06:00:43.286573147,31.900350369205086,completed
ORD-000365,AMZ,AU,2026-02-23 09:31:22.965931864,84.62856031704636,refunded
ORD-000366,DTC,UK,2026-02-23 13:02:02.645290581,62.492572963589915,refunded
ORD-000367,DTC,UK,2026-02-23 16:32:42.324649299,67.08669854802257,refunded
ORD-000368,AMZ,US,2026-02-23 20:03:22.004008016,138.34456261686793,completed
ORD-000369,TikTok,US,2026-02-23 23:34:01.683366734,69.01172303700694,completed
ORD-000370,DTC,EU,2026-02-24 03:04:41.362725451,75.8641321275251,completed
ORD-000371,AMZ,US,2026-02-24 06:35:21.042084169,211.7428916881179,completed
ORD-000372,AMZ,AU,2026-02-24 10:06:00.721442886,49.06263371571472,completed
ORD-000373,AMZ,US,2026-02-24 13:36:40.400801603,36.636998514964844,completed
ORD-000374,AMZ,EU,2026-02-24 17:07:20.080160321,67.6196214537391,completed
ORD-000375,AMZ,UK,2026-02-24 20:37:59.759519038,67.9991710522998,completed
ORD-000376,TikTok,US,2026-02-25 00:08:39.438877756,41.95687495650691,completed
ORD-000377,AMZ,US,2026-02-25 03:39:19.118236473,32.58335223249359,completed
ORD-000378,AMZ,EU,2026-02-25 07:09:58.797595191,173.28232678348166,completed
ORD-000379,DTC,EU,2026-02-25 10:40:38.476953908,64.29113389532758,completed
ORD-000380,DTC,US,2026-02-25 14:11:18.156312626,37.8585675378832,completed
ORD-000381,TikTok,EU,2026-02-25 17:41:57.835671343,86.31169902115207,cancelled
ORD-000382,DTC,AU,2026-02-25 21:12:37.515030060,51.698430551668096,completed
ORD-000383,DTC,US,2026-02-26 00:43:17.194388778,48.11333034381468,completed
ORD-000384,AMZ,US,2026-02-26 04:13:56.873747495,72.32258330737632,completed
ORD-000385,TikTok,US,2026-02-26 07:44:36.553106213,28.618657517539418,completed
ORD-000386,DTC,US,2026-02-26 11:15:16.232464930,65.12533226111182,completed
ORD-000387,TikTok,US,2026-02-26 14:45:55.911823648,142.09237920555506,completed
ORD-000388,AMZ,US,2026-02-26 18:16:35.591182365,68.92981624672639,completed
ORD-000389,TikTok,EU,2026-02-26 21:47:15.270541082,45.2360324839465,completed
ORD-000390,DTC,US,2026-02-27 01:17:54.949899800,42.370287911374014,completed
ORD-000391,AMZ,AU,2026-02-27 04:48:34.629258517,44.47067634069441,completed
ORD-000392,DTC,US,2026-02-27 08:19:14.308617235,48.08732654378079,completed
ORD-000393,DTC,US,2026-02-27 11:49:53.987975952,45.19998403457989,completed
ORD-000394,AMZ,UK,2026-02-27 15:20:33.667334670,86.3281489570078,completed
ORD-000395,DTC,UK,2026-02-27 18:51:13.346693387,22.951778966796148,completed
ORD-000396,TikTok,US,2026-02-27 22:21:53.026052104,84.01539242457717,completed
ORD-000397,AMZ,US,2026-02-28 01:52:32.705410822,45.157516184638034,completed
ORD-000398,DTC,US,2026-02-28 05:23:12.384769539,65.92210995145395,completed
ORD-000399,AMZ,EU,2026-02-28 08:53:52.064128257,31.078182476101237,completed
ORD-000400,AMZ,US,2026-02-28 12:24:31.743486974,106.09294329076842,completed
ORD-000401,TikTok,US,2026-02-28 15:55:11.422845692,101.78039276216978,completed
ORD-000402,DTC,US,2026-02-28 19:25:51.102204409,88.21660961159877,cancelled
ORD-000403,AMZ,US,2026-02-28 22:56:30.781563127,25.600774683534606,completed
ORD-000404,TikTok,AU,2026-03-01 02:27:10.460921844,82.64551315792795,completed
ORD-000405,TikTok,EU,2026-03-01 05:57:50.140280561,66.8484116809121,refunded
ORD-000406,AMZ,US,2026-03-01 09:28:29.819639279,24.467956815324644,completed
ORD-000407,TikTok,US,2026-03-01 12:59:09.498997996,53.938866754242824,completed
ORD-000408,AMZ,US,2026-03-01 16:29:49.178356714,65.51422171656516,completed
ORD-000409,TikTok,US,2026-03-01 20:00:28.857715431,72.09881703765512,completed
ORD-000410,DTC,UK,2026-03-01 23:31:08.537074149,59.65814486462108,completed
ORD-000411,DTC,UK,2026-03-02 03:01:48.216432866,63.15649591953523,completed
ORD-000412,AMZ,AU,2026-03-02 06:32:27.895791583,114.06924726444821,refunded
ORD-000413,TikTok,AU,2026-03-02 10:03:07.575150301,100.78776355403308,completed
ORD-000414,AMZ,AU,2026-03-02 13:33:47.254509018,13.019816241289991,completed
ORD-000415,AMZ,AU,2026-03-02 17:04:26.933867736,46.5850988385104,completed
ORD-000416,AMZ,US,2026-03-02 20:35:06.613226453,50.283374027202136,completed
ORD-000417,DTC,US,2026-03-03 00:05:46.292585171,22.73602597093315,completed
ORD-000418,AMZ,US,2026-03-03 03:36:25.971943888,57.23076074599934,completed
ORD-000419,TikTok,EU,2026-03-03 07:07:05.651302605,101.93943742459722,completed
ORD-000420,DTC,US,2026-03-03 10:37:45.330661323,31.712663170089723,completed
ORD-000421,AMZ,UK,2026-03-03 14:08:25.010020040,64.59909938902005,completed
ORD-000422,AMZ,EU,2026-03-03 17:39:04.689378758,34.53897033074041,completed
ORD-000423,AMZ,EU,2026-03-03 21:09:44.368737475,39.01881587666937,completed
ORD-000424,DTC,US,2026-03-04 00:40:24.048096193,114.28517011242737,completed
ORD-000425,TikTok,US,2026-03-04 04:11:03.727454910,41.62583840435323,completed
ORD-000426,AMZ,US,2026-03-04 07:41:43.406813628,68.79329229714908,completed
ORD-000427,TikTok,UK,2026-03-04 11:12:23.086172345,21.42141113074692,completed
ORD-000428,AMZ,EU,2026-03-04 14:43:02.765531062,138.53995678979373,completed
ORD-000429,TikTok,EU,2026-03-04 18:13:42.444889780,73.79760091515097,completed
ORD-000430,TikTok,US,2026-03-04 21:44:22.124248497,49.83662117164876,completed
ORD-000431,DTC,US,2026-03-05 01:15:01.803607215,72.80417154475712,completed
ORD-000432,DTC,US,2026-03-05 04:45:41.482965932,26.97984984987798,completed
ORD-000433,TikTok,UK,2026-03-05 08:16:21.162324650,98.61914103146476,completed
ORD-000434,AMZ,UK,2026-03-05 11:47:00.841683367,46.43286993720731,completed
ORD-000435,AMZ,US,2026-03-05 15:17:40.521042084,49.30202930012207,completed
ORD-000436,AMZ,AU,2026-03-05 18:48:20.200400802,42.69885874172207,completed
ORD-000437,DTC,US,2026-03-05 22:18:59.879759519,40.84050255279956,completed
ORD-000438,DTC,UK,2026-03-06 01:49:39.559118237,77.27228134301224,refunded
ORD-000439,DTC,US,2026-03-06 05:20:19.238476954,62.050801281736405,completed
ORD-000440,TikTok,US,2026-03-06 08:50:58.917835672,75.63159133498525,refunded
ORD-000441,AMZ,UK,2026-03-06 12:21:38.597194389,54.358590244641775,completed
ORD-000442,DTC,US,2026-03-06 15:52:18.276553107,70.5696316626706,refunded
ORD-000443,AMZ,US,2026-03-06 19:22:57.955911824,44.28188283435409,refunded
ORD-000444,AMZ,US,2026-03-06 22:53:37.635270541,166.47845817249672,completed
ORD-000445,DTC,US,2026-03-07 02:24:17.314629259,24.929074970796712,completed
ORD-000446,TikTok,EU,2026-03-07 05:54:56.993987976,102.56211979445915,refunded
ORD-000447,DTC,UK,2026-03-07 09:25:36.673346694,108.19700927951838,refunded
ORD-000448,AMZ,UK,2026-03-07 12:56:16.352705411,35.656112722092026,refunded
ORD-000449,DTC,US,2026-03-07 16:26:56.032064129,166.4403197587178,completed
ORD-000450,AMZ,EU,2026-03-07 19:57:35.711422846,89.81438407346279,completed
ORD-000451,TikTok,US,2026-03-07 23:28:15.390781563,88.72746702217746,completed
ORD-000452,DTC,US,2026-03-08 02:58:55.070140281,55.36851403742406,completed
ORD-000453,AMZ,US,2026-03-08 06:29:34.749498998,48.97876911704453,completed
ORD-000454,AMZ,AU,2026-03-08 10:00:14.428857716,49.170585375105084,completed
ORD-000455,AMZ,UK,2026-03-08 13:30:54.108216433,66.37133743547302,completed
ORD-000456,TikTok,UK,2026-03-08 17:01:33.787575151,110.01240558918525,completed
ORD-000457,DTC,EU,2026-03-08 20:32:13.466933868,59.7791602209372,completed
ORD-000458,DTC,US,2026-03-09 00:02:53.146292585,34.614691038320636,completed
ORD-000459,DTC,EU,2026-03-09 03:33:32.825651303,82.45177122533322,completed
ORD-000460,DTC,EU,2026-03-09 07:04:12.505010020,86.53728600975064,completed
ORD-000461,AMZ,US,2026-03-09 10:34:52.184368738,75.74176792479663,completed
ORD-000462,TikTok,US,2026-03-09 14:05:31.863727455,79.26125750952153,completed
ORD-000463,AMZ,US,2026-03-09 17:36:11.543086173,47.68114014561123,completed
ORD-000464,DTC,AU,2026-03-09 21:06:51.222444890,34.31235235929036,refunded
ORD-000465,DTC,US,2026-03-10 00:37:30.901803608,35.371389412607655,completed
ORD-000466,DTC,AU,2026-03-10 04:08:10.581162325,24.101362538629907,completed
ORD-000467,TikTok,US,2026-03-10 07:38:50.260521042,61.465393294506136,completed
ORD-000468,AMZ,EU,2026-03-10 11:09:29.939879760,52.366946922989136,completed
ORD-000469,DTC,US,2026-03-10 14:40:09.619238477,43.8163111058217,completed
ORD-000470,AMZ,US,2026-03-10 18:10:49.298597195,12.455852438326145,refunded
ORD-000471,DTC,US,2026-03-10 21:41:28.977955912,29.263507593575678,completed
ORD-000472,AMZ,US,2026-03-11 01:12:08.657314630,95.6236644680121,completed
ORD-000473,AMZ,AU,2026-03-11 04:42:48.336673347,39.16122111814639,cancelled
ORD-000474,AMZ,US,2026-03-11 08:13:28.016032064,65.38519383215534,completed
ORD-000475,AMZ,EU,2026-03-11 11:44:07.695390782,27.239204705243953,cancelled
ORD-000476,AMZ,US,2026-03-11 15:14:47.374749499,112.09567426794142,completed
ORD-000477,DTC,US,2026-03-11 18:45:27.054108217,50.804562826624824,completed
ORD-000478,DTC,EU,2026-03-11 22:16:06.733466934,63.118896779607105,refunded
ORD-000479,AMZ,US,2026-03-12 01:46:46.412825652,174.66850072658397,completed
ORD-000480,AMZ,AU,2026-03-12 05:17:26.092184369,116.53830885135729,completed
ORD-000481,AMZ,UK,2026-03-12 08:48:05.771543086,46.83904684506462,refunded
ORD-000482,DTC,EU,2026-03-12 12:18:45.450901804,40.584649645480226,completed
ORD-000483,AMZ,US,2026-03-12 15:49:25.130260521,46.39666094452132,completed
ORD-000484,AMZ,US,2026-03-12 19:20:04.809619239,70.4532327353705,completed
ORD-000485,AMZ,AU,2026-03-12 22:50:44.488977956,51.79988519108,completed
ORD-000486,DTC,US,2026-03-13 02:21:24.168336674,44.8076071516477,completed
ORD-000487,AMZ,US,2026-03-13 05:52:03.847695391,113.70309547893252,completed
ORD-000488,DTC,US,2026-03-13 09:22:43.527054109,51.5676766200455,completed
ORD-000489,DTC,UK,2026-03-13 12:53:23.206412826,172.39606730589105,completed
ORD-000490,DTC,EU,2026-03-13 16:24:02.885771543,57.13239431932351,completed
ORD-000491,DTC,UK,2026-03-13 19:54:42.565130261,133.30759430768404,completed
ORD-000492,DTC,UK,2026-03-13 23:25:22.244488978,65.2783027877241,completed
ORD-000493,AMZ,US,2026-03-14 02:56:01.923847696,88.3653820012153,completed
ORD-000494,DTC,AU,2026-03-14 06:26:41.603206413,38.00411617447727,completed
ORD-000495,DTC,US,2026-03-14 09:57:21.282565131,35.62759181721157,refunded
ORD-000496,AMZ,EU,2026-03-14 13:28:00.961923848,68.70712993774029,completed
ORD-000497,DTC,US,2026-03-14 16:58:40.641282565,89.50340070229643,completed
ORD-000498,AMZ,AU,2026-03-14 20:29:20.320641283,55.70825000744629,cancelled
ORD-000499,DTC,US,2026-03-15 00:00:00.000000000,28.697308344404508,completed
