order_id,line_item_id,spu_id,sku_id,category_l3,unit_price,item_qty,gmv_line,gross_margin_amt_line,is_promo,is_bundle
1,1,204,1018,哺乳内衣,91.66,1,232.56,79.57,0,0
2,2,209,1015,温奶器,116.2,2,14.63,5.42,1,1
2,3,206,1014,温奶器,82.94,1,10.44,3.87,1,1
2,4,207,1006,储奶袋,109.08,2,13.73,5.09,1,1
3,5,205,1004,婴儿消毒柜,74.19,2,94.12,37.85,0,0
4,6,202,1004,温奶器,46.04,2,24.01,9.73,1,0
4,7,201,1008,吸奶器,99.04,1,51.65,20.94,0,0
5,8,204,1007,哺乳内衣,84.77,1,82.39,27.59,1,0
6,9,202,1017,吸奶器,21.69,1,229.86,109.13,0,0
7,10,203,1018,吸奶器,116.7,2,132.98,56.91,1,1
8,11,208,1001,储奶袋,52.24,2,38.44,14.49,0,0
8,12,209,1001,婴儿消毒柜,86.63,1,63.75,24.03,0,0
8,13,205,1013,哺乳内衣,41.31,1,30.4,11.46,1,0
9,14,200,1012,吸奶器,112.62,2,197.33,61.33,0,0
10,15,204,1008,储奶袋,51.01,2,13.27,4.79,1,0
10,16,209,1018,温奶器,91.9,1,23.91,8.62,1,0
10,17,209,1019,吸奶器,103.02,1,26.81,9.66,1,0
11,18,209,1014,吸奶器,94.88,1,99.16,42.84,0,0
11,19,208,1007,温奶器,36.4,2,38.04,16.44,1,0
12,20,206,1010,哺乳内衣,51.66,2,51.05,19.72,0,0
12,21,204,1002,婴儿消毒柜,74.42,2,73.55,28.4,0,0
13,22,206,1014,哺乳内衣,102.06,1,161.32,52.32,0,0
14,23,201,1013,吸奶器,110.8,2,172.46,64.4,0,0
14,24,209,1011,婴儿消毒柜,49.75,1,77.44,28.92,1,0
15,25,204,1007,哺乳内衣,62.71,2,199.28,91.36,0,0
16,26,200,1012,温奶器,45.32,2,28.83,13.35,0,0
16,27,205,1006,储奶袋,61.41,2,39.07,18.08,0,0
16,28,203,1017,婴儿消毒柜,78.0,2,49.63,22.97,0,0
17,29,208,1017,婴儿消毒柜,55.05,2,70.19,26.76,0,0
17,30,209,1008,吸奶器,90.48,2,115.36,43.98,1,0
17,31,207,1013,储奶袋,20.8,1,26.52,10.11,0,0
18,32,203,1000,婴儿消毒柜,30.69,2,67.56,25.8,0,0
19,33,202,1004,储奶袋,96.94,2,36.7,17.99,1,1
20,34,207,1018,哺乳内衣,106.77,1,42.83,22.4,0,0
20,35,209,1013,婴儿消毒柜,80.15,2,32.15,16.81,0,0
21,36,200,1005,吸奶器,38.29,2,104.89,38.77,1,1
22,37,202,1013,储奶袋,71.31,2,38.35,11.45,1,1
22,38,201,1016,哺乳内衣,90.8,2,48.84,14.58,0,1
22,39,204,1014,哺乳内衣,102.52,1,55.14,16.46,1,1
23,40,204,1006,吸奶器,100.93,1,70.98,26.57,0,0
23,41,203,1001,储奶袋,53.3,1,37.48,14.03,1,0
23,42,207,1000,婴儿消毒柜,80.87,1,56.87,21.29,0,0
24,43,201,1010,储奶袋,37.68,1,133.69,49.19,1,0
24,44,203,1012,温奶器,27.24,2,96.64,35.56,1,0
25,45,201,1014,婴儿消毒柜,75.93,1,142.17,60.89,0,0
26,46,203,1009,温奶器,98.09,2,42.88,22.55,0,1
26,47,206,1017,婴儿消毒柜,103.77,2,45.37,23.86,1,1
26,48,208,1013,哺乳内衣,119.0,2,52.03,27.36,0,1
27,49,206,1010,婴儿消毒柜,54.44,2,18.61,7.13,1,0
27,50,205,1001,哺乳内衣,45.54,1,15.57,5.97,1,0
27,51,208,1014,吸奶器,20.1,2,6.87,2.63,1,0
28,52,206,1009,储奶袋,65.92,1,37.68,13.89,0,0
29,53,208,1012,吸奶器,62.46,1,79.16,29.38,0,0
29,54,208,1007,哺乳内衣,56.89,1,72.1,26.76,0,0
30,55,202,1001,储奶袋,82.31,2,36.79,13.18,1,0
30,56,202,1018,哺乳内衣,111.03,2,49.62,17.77,0,0
30,57,203,1018,吸奶器,89.47,1,39.99,14.32,0,0
31,58,200,1010,储奶袋,103.59,2,214.62,94.03,1,0
32,59,201,1009,哺乳内衣,20.9,2,14.57,5.54,1,0
32,60,202,1014,储奶袋,72.86,1,50.78,19.31,0,0
33,61,200,1003,哺乳内衣,26.59,1,5.18,2.68,0,0
33,62,208,1008,温奶器,91.3,2,17.79,9.19,0,0
33,63,208,1016,温奶器,64.25,1,12.52,6.47,0,0
34,64,207,1008,婴儿消毒柜,106.13,1,128.79,55.44,1,0
35,65,205,1005,婴儿消毒柜,63.23,2,33.63,14.65,1,0
35,66,202,1002,婴儿消毒柜,91.41,2,48.62,21.17,0,0
36,67,204,1005,储奶袋,25.41,2,40.92,12.15,1,0
37,68,204,1016,吸奶器,29.03,1,189.41,84.25,0,0
38,69,205,1011,哺乳内衣,26.64,1,54.55,24.98,1,0
39,70,200,1002,温奶器,106.54,2,163.83,59.96,0,1
40,71,203,1018,哺乳内衣,84.95,2,27.7,9.22,0,0
40,72,201,1000,婴儿消毒柜,77.0,2,25.1,8.35,0,0
40,73,202,1005,温奶器,119.72,2,39.03,12.99,1,0
41,74,205,1015,储奶袋,54.34,1,23.24,7.86,0,0
41,75,207,1003,温奶器,47.15,1,20.17,6.82,1,0
41,76,205,1019,吸奶器,57.88,2,24.76,8.37,0,0
42,77,203,1012,温奶器,52.17,1,113.55,45.24,0,0
43,78,206,1005,婴儿消毒柜,82.58,1,70.99,30.01,1,0
43,79,208,1005,温奶器,90.02,2,77.39,32.71,0,0
43,80,203,1001,储奶袋,67.39,1,57.94,24.49,0,0
44,81,208,1000,温奶器,52.52,2,116.26,49.6,0,0
45,82,205,1014,温奶器,109.09,1,195.17,90.12,0,0
46,83,204,1010,婴儿消毒柜,71.13,2,57.61,23.2,0,1
47,84,201,1002,婴儿消毒柜,20.65,2,58.18,18.91,1,0
47,85,203,1014,储奶袋,50.34,2,141.83,46.1,0,0
48,86,201,1013,温奶器,50.44,2,29.14,11.37,0,0
48,87,208,1008,哺乳内衣,91.73,2,52.99,20.68,0,0
49,88,201,1000,吸奶器,114.51,2,179.03,85.58,0,0
50,89,208,1011,哺乳内衣,65.88,1,86.43,25.72,1,0
50,90,201,1006,哺乳内衣,51.86,1,68.04,20.25,0,0
51,91,204,1014,婴儿消毒柜,38.08,1,234.41,99.89,0,0
52,92,209,1013,储奶袋,91.48,1,115.21,48.72,1,0
53,93,201,1015,温奶器,62.27,1,44.56,17.76,0,0
54,94,208,1006,吸奶器,41.5,1,9.53,3.49,0,0
54,95,206,1010,婴儿消毒柜,107.5,2,24.68,9.04,0,0
55,96,205,1008,哺乳内衣,55.29,2,49.56,20.31,1,0
55,97,200,1015,储奶袋,65.59,1,58.8,24.09,1,0
55,98,207,1009,储奶袋,115.51,2,103.55,42.42,1,0
56,99,204,1011,婴儿消毒柜,94.46,2,145.44,56.08,0,0
57,100,209,1003,储奶袋,24.98,1,200.55,71.48,1,0
58,101,204,1018,储奶袋,92.78,2,81.57,26.24,0,0
59,102,206,1008,储奶袋,96.21,2,54.14,18.86,0,0
59,103,208,1003,婴儿消毒柜,21.12,2,11.88,4.14,1,0
59,104,209,1000,储奶袋,70.9,2,39.9,13.9,0,0
60,105,207,1000,吸奶器,83.4,1,21.84,8.81,0,0
60,106,201,1010,储奶袋,56.42,1,14.78,5.96,0,0
61,107,203,1018,吸奶器,39.52,2,48.52,22.74,1,0
61,108,200,1009,温奶器,85.65,2,105.16,49.28,1,0
61,109,206,1015,吸奶器,71.55,2,87.85,41.17,0,0
62,110,209,1019,温奶器,48.49,1,83.78,36.04,1,0
62,111,204,1013,哺乳内衣,53.91,1,93.15,40.07,0,0
63,112,204,1008,温奶器,45.22,2,235.31,87.01,1,1
64,113,204,1005,储奶袋,42.48,2,88.41,34.78,0,1
65,114,205,1004,温奶器,20.22,1,164.52,66.74,0,0
66,115,205,1014,温奶器,94.89,1,179.27,81.42,0,0
67,116,201,1002,吸奶器,90.68,1,81.17,31.38,1,0
67,117,209,1013,吸奶器,20.88,1,18.69,7.22,1,0
68,118,208,1004,哺乳内衣,87.17,2,216.58,82.91,0,0
69,119,205,1006,婴儿消毒柜,96.36,1,109.08,39.9,1,1
69,120,204,1005,哺乳内衣,114.23,1,129.3,47.3,1,1
70,121,202,1011,哺乳内衣,79.59,1,80.16,35.3,0,1
70,122,208,1002,哺乳内衣,103.32,2,104.06,45.83,1,1
70,123,202,1012,温奶器,40.17,2,40.46,17.82,1,1
71,124,201,1018,婴儿消毒柜,30.68,1,41.28,13.34,1,0
71,125,205,1003,吸奶器,112.47,1,151.31,48.91,0,0
72,126,204,1014,哺乳内衣,116.17,2,36.68,17.24,0,0
72,127,208,1014,温奶器,97.2,2,30.69,14.43,1,0
72,128,200,1016,哺乳内衣,75.0,2,23.68,11.13,1,0
73,129,206,1006,储奶袋,87.5,1,91.96,35.06,0,0
74,130,208,1013,温奶器,30.45,1,55.87,22.44,0,0
74,131,204,1016,婴儿消毒柜,101.41,2,186.07,74.73,0,0
75,132,208,1016,储奶袋,28.58,1,32.26,15.07,0,1
76,133,207,1015,储奶袋,26.58,2,36.22,15.31,1,0
76,134,206,1011,储奶袋,111.02,1,151.31,63.95,0,0
77,135,202,1005,婴儿消毒柜,28.14,2,185.37,83.68,0,0
78,136,203,1005,婴儿消毒柜,71.37,2,166.99,57.13,1,0
79,137,201,1012,储奶袋,105.55,2,247.82,95.41,1,0
80,138,205,1015,婴儿消毒柜,35.29,1,16.99,6.15,0,0
80,139,201,1018,吸奶器,100.04,1,48.17,17.44,0,0
80,140,206,1019,婴儿消毒柜,69.48,2,33.45,12.11,0,0
81,141,207,1004,温奶器,43.0,1,30.01,15.16,0,0
81,142,207,1017,哺乳内衣,27.67,2,19.31,9.76,0,0
81,143,201,1011,储奶袋,79.49,2,55.47,28.02,0,0
82,144,203,1016,储奶袋,103.45,2,47.37,16.62,1,0
83,145,202,1003,温奶器,23.2,1,19.27,8.35,0,1
83,146,206,1001,温奶器,79.14,2,65.72,28.48,0,1
83,147,209,1013,吸奶器,51.1,2,42.43,18.39,1,1
84,148,201,1002,哺乳内衣,25.81,1,87.43,39.47,1,0
85,149,208,1019,婴儿消毒柜,23.26,1,105.55,45.4,1,1
86,150,204,1009,储奶袋,75.71,2,71.92,31.73,1,1
86,151,202,1004,婴儿消毒柜,109.7,1,104.21,45.97,1,1
86,152,209,1017,婴儿消毒柜,39.46,1,37.48,16.54,0,1
87,153,202,1016,婴儿消毒柜,94.01,2,90.68,38.02,1,1
87,154,203,1003,婴儿消毒柜,90.43,2,87.23,36.57,1,1
87,155,208,1011,温奶器,60.02,1,57.9,24.27,0,1
88,156,209,1004,温奶器,27.02,2,16.38,7.2,1,0
88,157,203,1008,哺乳内衣,89.87,1,54.48,23.96,1,0
89,158,202,1016,储奶袋,70.6,1,38.83,16.98,0,0
89,159,209,1010,哺乳内衣,87.59,2,48.17,21.07,0,0
89,160,203,1017,吸奶器,45.37,2,24.95,10.91,1,0
90,161,203,1009,温奶器,115.3,2,147.02,60.72,0,0
90,162,203,1019,吸奶器,68.45,1,87.28,36.05,0,0
91,163,203,1000,吸奶器,29.35,1,43.6,18.1,0,0
92,164,200,1006,哺乳内衣,61.57,2,50.32,19.54,0,0
93,165,205,1011,婴儿消毒柜,26.9,2,65.81,25.0,0,0
94,166,207,1008,储奶袋,66.11,1,120.34,48.7,0,0
94,167,200,1014,吸奶器,22.31,1,40.61,16.44,0,0
95,168,201,1015,储奶袋,54.64,2,63.1,24.74,0,0
96,169,201,1016,吸奶器,47.2,1,242.98,108.03,1,0
97,170,201,1017,吸奶器,28.19,1,128.28,50.4,0,0
98,171,200,1003,婴儿消毒柜,56.83,2,42.04,14.46,0,0
98,172,203,1001,婴儿消毒柜,74.78,1,55.32,19.02,0,0
98,173,202,1012,吸奶器,58.09,2,42.97,14.78,0,0
99,174,201,1018,婴儿消毒柜,96.9,1,31.76,14.94,1,0
99,175,208,1011,温奶器,67.06,1,21.98,10.34,0,0
99,176,202,1019,温奶器,93.13,1,30.52,14.36,1,0
100,177,206,1005,哺乳内衣,30.41,1,39.7,17.72,1,1
100,178,209,1017,吸奶器,71.94,1,93.91,41.92,0,1
101,179,203,1002,温奶器,62.34,2,175.62,66.47,1,0
102,180,204,1003,温奶器,40.48,1,195.26,74.54,1,0
103,181,204,1010,温奶器,103.55,1,195.85,87.45,1,0
104,182,205,1000,储奶袋,48.81,1,67.57,27.26,1,0
104,183,205,1005,婴儿消毒柜,64.7,2,89.57,36.14,1,0
105,184,209,1005,婴儿消毒柜,41.62,2,122.77,31.21,0,0
105,185,206,1016,储奶袋,36.0,1,106.19,26.99,1,0
106,186,208,1015,婴儿消毒柜,93.95,1,140.91,63.03,0,0
106,187,204,1010,温奶器,24.76,2,37.14,16.61,1,0
106,188,206,1014,婴儿消毒柜,21.19,2,31.78,14.22,0,0
107,189,200,1018,储奶袋,104.33,2,111.66,43.67,0,0
107,190,209,1013,储奶袋,79.31,1,84.89,33.2,1,0
108,191,208,1014,哺乳内衣,39.94,2,24.44,6.52,1,0
108,192,205,1007,哺乳内衣,29.07,2,17.79,4.75,1,0
109,193,208,1011,婴儿消毒柜,82.16,1,9.91,4.43,0,0
109,194,203,1010,温奶器,68.81,1,8.3,3.71,0,0
109,195,204,1000,储奶袋,110.17,1,13.29,5.94,0,0
110,196,208,1015,温奶器,38.06,2,45.82,17.03,1,1
110,197,204,1012,哺乳内衣,25.69,2,30.92,11.49,1,1
111,198,202,1016,温奶器,60.14,2,130.37,53.64,0,0
111,199,207,1012,哺乳内衣,21.04,1,45.61,18.77,0,0
112,200,200,1000,温奶器,82.77,1,58.69,21.18,0,0
112,201,204,1010,储奶袋,87.1,2,61.77,22.28,0,0
113,202,208,1018,婴儿消毒柜,38.72,1,118.53,42.18,0,1
114,203,204,1013,吸奶器,117.1,1,224.61,70.44,1,0
115,204,207,1006,温奶器,22.49,2,227.02,101.79,1,0
116,205,204,1018,吸奶器,74.59,1,135.12,48.96,0,0
116,206,203,1011,哺乳内衣,52.39,1,94.9,34.38,1,0
117,207,206,1014,温奶器,29.0,2,37.22,17.32,1,0
117,208,206,1012,温奶器,48.17,1,61.83,28.76,0,0
118,209,206,1017,储奶袋,44.53,2,182.03,75.31,1,0
119,210,207,1006,婴儿消毒柜,54.23,1,89.76,33.74,1,0
120,211,205,1001,温奶器,93.07,1,30.6,11.08,0,0
120,212,208,1008,吸奶器,50.88,2,16.73,6.06,0,0
120,213,203,1013,婴儿消毒柜,74.85,2,24.61,8.91,1,0
121,214,203,1009,吸奶器,34.23,1,24.0,10.22,0,0
121,215,206,1007,温奶器,66.49,2,46.62,19.85,0,0
122,216,201,1002,吸奶器,86.43,1,105.26,42.35,0,1
123,217,207,1001,吸奶器,77.91,1,124.59,46.72,1,0
124,218,208,1001,储奶袋,83.56,1,212.81,84.07,0,0
125,219,205,1002,吸奶器,34.03,1,56.38,26.92,1,0
126,220,200,1017,储奶袋,51.27,1,191.68,53.76,0,0
127,221,209,1009,婴儿消毒柜,58.31,2,40.51,14.57,1,0
127,222,202,1000,哺乳内衣,114.63,2,79.64,28.64,1,0
127,223,205,1004,吸奶器,38.53,2,26.77,9.63,0,0
128,224,207,1014,哺乳内衣,112.21,1,49.94,25.49,0,0
128,225,209,1009,储奶袋,21.75,1,9.68,4.94,0,0
128,226,202,1014,吸奶器,75.79,1,33.73,17.21,0,0
129,227,207,1017,储奶袋,99.82,2,82.98,21.21,0,0
129,228,203,1016,哺乳内衣,66.7,2,55.44,14.18,1,0
130,229,201,1016,储奶袋,80.51,1,42.4,15.32,1,0
130,230,200,1003,吸奶器,101.75,1,53.59,19.36,1,0
131,231,202,1011,储奶袋,85.25,1,78.93,30.72,0,0
131,232,206,1019,储奶袋,88.8,2,82.21,31.99,0,0
132,233,208,1006,储奶袋,103.48,1,74.57,41.49,1,0
132,234,204,1004,吸奶器,70.6,2,50.88,28.31,0,0
133,235,203,1005,吸奶器,87.55,1,34.69,12.35,0,0
133,236,206,1008,哺乳内衣,79.46,2,31.48,11.21,0,0
134,237,204,1009,吸奶器,114.19,2,55.65,19.2,1,0
135,238,206,1007,吸奶器,78.94,1,150.27,69.49,0,0
136,239,203,1008,温奶器,66.44,1,228.53,68.49,1,0
137,240,201,1015,婴儿消毒柜,110.07,2,51.45,26.07,0,1
137,241,202,1004,储奶袋,115.98,1,54.22,27.46,0,1
138,242,206,1002,温奶器,102.64,2,71.07,27.01,1,0
138,243,206,1008,温奶器,63.08,2,43.68,16.6,0,0
138,244,203,1013,婴儿消毒柜,110.51,1,76.52,29.08,0,0
139,245,208,1008,婴儿消毒柜,87.21,1,75.01,34.24,1,0
139,246,206,1009,哺乳内衣,25.86,1,22.24,10.15,0,0
139,247,208,1014,婴儿消毒柜,90.3,2,77.66,35.45,0,0
140,248,206,1005,温奶器,102.89,1,234.94,90.47,0,0
141,249,204,1010,婴儿消毒柜,60.27,2,61.61,29.64,0,0
141,250,203,1017,温奶器,98.7,2,100.89,48.54,0,0
141,251,202,1000,储奶袋,47.07,2,48.12,23.15,1,0
142,252,203,1014,婴儿消毒柜,107.97,2,154.65,78.69,1,0
143,253,205,1000,储奶袋,53.96,1,59.07,19.5,1,0
143,254,206,1001,储奶袋,105.48,1,115.48,38.11,0,0
144,255,202,1006,婴儿消毒柜,100.0,1,119.03,58.24,1,0
144,256,203,1012,储奶袋,91.25,2,108.62,53.15,1,0
145,257,207,1014,吸奶器,40.01,2,27.79,10.94,0,0
145,258,207,1012,储奶袋,55.01,1,38.22,15.04,1,0
145,259,203,1011,储奶袋,74.68,2,51.88,20.42,1,0
146,260,208,1003,储奶袋,27.31,2,19.62,8.78,0,1
146,261,201,1015,温奶器,114.51,2,82.27,36.79,1,1
147,262,207,1006,吸奶器,101.22,2,13.68,6.1,1,0
147,263,208,1014,温奶器,106.09,1,14.34,6.39,0,0
147,264,204,1008,哺乳内衣,32.28,1,4.36,1.94,0,0
148,265,209,1002,吸奶器,69.55,1,99.01,45.82,1,1
148,266,209,1006,吸奶器,28.7,1,40.86,18.91,0,1
148,267,202,1017,婴儿消毒柜,50.56,1,71.98,33.31,0,1
149,268,209,1006,温奶器,83.96,1,86.52,40.78,0,1
149,269,203,1007,温奶器,116.15,2,119.7,56.41,0,1
150,270,204,1019,婴儿消毒柜,46.58,2,52.98,17.29,0,0
151,271,205,1015,吸奶器,115.0,2,156.91,45.38,1,0
152,272,208,1004,哺乳内衣,36.71,1,28.43,10.49,0,0
152,273,202,1005,婴儿消毒柜,43.9,1,33.99,12.54,1,0
152,274,202,1006,储奶袋,89.96,1,69.66,25.7,0,0
153,275,208,1003,储奶袋,31.56,1,9.5,3.25,0,0
153,276,201,1000,婴儿消毒柜,65.0,2,19.56,6.7,1,0
153,277,209,1015,哺乳内衣,89.92,2,27.06,9.27,0,0
154,278,208,1005,婴儿消毒柜,68.17,1,245.73,90.45,0,0
155,279,205,1007,哺乳内衣,108.66,2,42.71,19.48,0,0
155,280,206,1009,婴儿消毒柜,87.84,2,34.52,15.74,1,0
156,281,209,1018,温奶器,27.4,2,44.79,20.87,1,0
157,282,204,1017,温奶器,115.03,2,160.87,68.21,0,0
158,283,204,1008,温奶器,24.36,2,192.55,73.55,0,0
159,284,202,1002,温奶器,22.85,1,37.14,15.01,0,0
160,285,208,1016,储奶袋,61.61,2,174.92,69.36,0,0
161,286,202,1001,吸奶器,28.03,2,147.1,74.58,0,0
162,287,203,1005,储奶袋,95.61,1,52.72,20.71,0,0
163,288,208,1004,温奶器,97.22,2,40.37,16.47,1,0
163,289,206,1006,温奶器,66.43,2,27.59,11.26,0,0
164,290,204,1011,哺乳内衣,69.55,2,154.95,70.65,0,0
165,291,201,1012,婴儿消毒柜,79.44,2,40.61,20.3,0,1
165,292,201,1001,婴儿消毒柜,21.59,2,11.04,5.52,1,1
165,293,208,1012,吸奶器,85.21,2,43.56,21.78,1,1
166,294,204,1003,婴儿消毒柜,32.11,1,236.43,116.37,1,0
167,295,203,1017,温奶器,61.05,1,84.36,30.61,1,0
167,296,209,1000,哺乳内衣,91.01,2,125.76,45.63,0,0
168,297,204,1017,温奶器,100.52,1,246.38,77.29,1,0
169,298,208,1012,哺乳内衣,96.86,1,87.13,35.71,0,0
170,299,203,1000,吸奶器,36.23,1,243.34,109.49,0,0
171,300,200,1003,婴儿消毒柜,105.8,2,53.2,22.39,1,1
171,301,200,1006,吸奶器,70.79,2,35.6,14.98,0,1
171,302,205,1001,吸奶器,71.73,1,36.07,15.18,0,1
172,303,202,1007,吸奶器,83.41,1,106.45,35.33,1,0
173,304,200,1010,温奶器,99.85,2,41.08,13.52,0,0
174,305,207,1014,储奶袋,39.53,2,7.39,2.63,0,0
174,306,209,1011,温奶器,76.16,2,14.23,5.06,1,0
174,307,208,1004,婴儿消毒柜,107.01,2,19.99,7.12,1,0
175,308,208,1012,吸奶器,20.57,2,182.24,84.47,1,0
176,309,202,1000,婴儿消毒柜,95.91,1,55.43,16.21,0,0
176,310,209,1003,吸奶器,37.71,2,21.79,6.37,0,0
176,311,207,1003,温奶器,92.6,1,53.52,15.65,1,0
177,312,203,1005,哺乳内衣,50.02,2,79.83,34.58,0,0
178,313,201,1012,吸奶器,42.16,2,46.39,16.7,0,0
178,314,203,1005,哺乳内衣,63.64,1,70.02,25.22,0,0
178,315,204,1014,储奶袋,44.22,2,48.66,17.52,0,0
179,316,206,1017,储奶袋,119.91,2,85.63,36.29,0,0
180,317,209,1006,温奶器,97.84,2,157.08,63.6,0,1
181,318,200,1005,吸奶器,118.2,2,54.71,24.01,1,0
181,319,202,1005,吸奶器,117.35,1,54.32,23.83,0,0
182,320,209,1019,储奶袋,32.0,2,211.18,72.3,0,0
183,321,205,1000,吸奶器,90.75,2,210.55,72.77,1,0
184,322,203,1001,温奶器,82.97,2,56.22,22.37,0,0
184,323,200,1004,储奶袋,82.44,1,55.86,22.23,0,0
184,324,200,1000,吸奶器,33.84,2,22.93,9.12,0,0
185,325,203,1012,婴儿消毒柜,20.02,1,107.18,43.46,1,0
186,326,200,1019,婴儿消毒柜,64.2,2,109.76,43.17,0,0
187,327,207,1014,哺乳内衣,32.39,1,207.26,75.56,1,0
188,328,202,1003,婴儿消毒柜,76.07,1,102.2,32.76,0,0
189,329,209,1004,温奶器,29.6,2,9.74,4.82,1,0
189,330,202,1018,婴儿消毒柜,93.05,1,30.6,15.14,0,0
189,331,204,1010,婴儿消毒柜,108.39,2,35.65,17.64,1,0
190,332,204,1015,婴儿消毒柜,44.29,2,8.77,3.56,1,1
190,333,206,1003,温奶器,107.09,1,21.19,8.62,0,1
190,334,207,1017,哺乳内衣,94.34,2,18.67,7.59,0,1
191,335,204,1003,储奶袋,61.61,1,51.41,23.22,1,0
191,336,209,1011,哺乳内衣,43.96,1,36.68,16.57,1,0
191,337,203,1006,吸奶器,53.41,1,44.57,20.13,0,0
192,338,205,1017,温奶器,21.97,2,136.07,60.61,1,0
193,339,202,1003,温奶器,28.8,1,95.88,47.01,0,0
193,340,201,1011,哺乳内衣,35.78,1,119.12,58.4,0,0
194,341,204,1011,婴儿消毒柜,30.0,1,28.75,11.28,0,0
194,342,200,1016,储奶袋,52.08,1,49.92,19.57,0,0
195,343,200,1011,储奶袋,64.75,1,54.01,21.98,1,0
195,344,204,1008,婴儿消毒柜,34.18,2,28.51,11.6,0,0
195,345,207,1005,哺乳内衣,37.52,1,31.3,12.74,0,0
196,346,204,1010,温奶器,103.77,2,82.37,34.2,0,0
196,347,206,1007,储奶袋,113.86,1,90.38,37.52,0,0
196,348,203,1006,哺乳内衣,44.23,1,35.11,14.58,0,0
197,349,208,1014,储奶袋,106.98,1,211.2,78.12,1,0
198,350,200,1014,储奶袋,104.76,1,114.61,47.04,0,0
199,351,206,1010,温奶器,37.45,2,131.01,47.11,0,0
200,352,201,1015,温奶器,117.42,1,96.72,43.13,0,0
201,353,201,1010,哺乳内衣,45.26,1,69.59,29.45,0,0
201,354,200,1011,温奶器,107.68,2,165.57,70.07,0,0
202,355,206,1001,储奶袋,84.26,1,21.87,8.6,1,0
202,356,202,1013,哺乳内衣,59.6,2,15.47,6.08,1,0
202,357,209,1014,储奶袋,72.32,2,18.77,7.38,1,0
203,358,206,1013,哺乳内衣,60.44,2,235.42,95.2,0,1
204,359,205,1004,哺乳内衣,77.87,1,107.26,49.08,0,0
204,360,200,1017,哺乳内衣,53.14,2,73.19,33.49,0,0
205,361,200,1005,储奶袋,26.83,2,17.45,5.67,0,0
205,362,202,1008,哺乳内衣,112.05,2,72.86,23.68,0,0
205,363,201,1007,吸奶器,87.11,2,56.64,18.41,0,0
206,364,200,1017,储奶袋,100.76,2,14.56,6.18,1,1
206,365,204,1009,温奶器,74.93,1,10.83,4.59,1,1
206,366,202,1009,哺乳内衣,81.65,1,11.8,5.01,0,1
207,367,209,1016,婴儿消毒柜,24.98,2,17.52,7.89,0,0
207,368,201,1000,储奶袋,50.18,2,35.19,15.86,0,0
207,369,200,1018,温奶器,116.82,2,81.92,36.91,0,0
208,370,203,1006,吸奶器,43.65,2,119.7,56.54,0,0
209,371,209,1013,哺乳内衣,107.76,1,25.95,8.41,0,0
209,372,200,1018,储奶袋,112.31,2,27.05,8.76,0,0
209,373,202,1001,婴儿消毒柜,51.78,2,12.47,4.04,0,0
210,374,205,1010,哺乳内衣,96.29,2,64.28,31.5,1,0
210,375,201,1002,吸奶器,80.14,2,53.5,26.22,0,0
210,376,209,1000,哺乳内衣,84.85,2,56.64,27.76,1,0
211,377,200,1008,吸奶器,62.33,1,132.37,55.16,0,1
211,378,206,1007,吸奶器,52.4,2,111.28,46.38,0,1
212,379,205,1017,储奶袋,57.68,1,72.46,28.63,1,0
212,380,203,1012,温奶器,64.66,2,81.22,32.09,0,0
213,381,205,1006,吸奶器,86.44,1,187.25,66.72,0,0
214,382,206,1000,婴儿消毒柜,104.67,2,22.79,8.65,0,0
214,383,209,1004,吸奶器,102.31,1,22.27,8.45,1,0
215,384,206,1019,吸奶器,63.38,1,121.89,48.96,0,0
216,385,205,1016,吸奶器,116.54,2,55.6,18.18,0,0
217,386,204,1012,储奶袋,116.95,2,164.82,62.06,1,0
218,387,204,1007,吸奶器,21.26,1,236.47,74.47,1,0
219,388,202,1019,吸奶器,81.69,2,175.59,72.05,1,0
220,389,202,1008,储奶袋,64.29,2,17.2,6.15,0,0
220,390,209,1000,吸奶器,53.1,1,14.21,5.08,0,0
220,391,201,1000,哺乳内衣,57.92,2,15.5,5.54,0,0
221,392,207,1016,吸奶器,47.13,2,108.03,51.5,0,0
222,393,203,1010,婴儿消毒柜,80.51,2,55.62,19.51,1,0
222,394,200,1001,婴儿消毒柜,30.28,2,20.92,7.34,0,0
222,395,208,1008,婴儿消毒柜,107.99,2,74.61,26.17,0,0
223,396,206,1000,哺乳内衣,117.01,1,52.64,19.87,1,0
223,397,200,1006,温奶器,73.51,2,33.07,12.48,1,0
223,398,205,1013,婴儿消毒柜,73.35,2,33.0,12.45,1,0
224,399,204,1014,储奶袋,63.68,2,213.4,77.45,1,0
225,400,200,1000,储奶袋,56.32,2,68.36,31.48,1,1
225,401,205,1008,温奶器,116.07,1,140.87,64.89,0,1
226,402,200,1006,吸奶器,87.16,1,111.6,43.16,1,0
226,403,201,1014,哺乳内衣,41.39,2,53.0,20.49,1,0
227,404,203,1009,吸奶器,53.9,2,60.73,27.68,0,0
227,405,209,1009,储奶袋,45.64,2,51.43,23.43,1,0
228,406,201,1018,哺乳内衣,115.44,1,86.17,33.49,1,0
229,407,205,1011,储奶袋,108.88,2,44.43,18.82,1,0
229,408,203,1004,温奶器,21.72,2,8.86,3.76,1,0
230,409,204,1015,温奶器,61.97,1,53.52,18.28,0,0
230,410,206,1014,储奶袋,63.17,1,54.56,18.63,1,0
231,411,207,1007,婴儿消毒柜,47.26,1,71.31,31.16,0,0
231,412,201,1000,婴儿消毒柜,32.86,2,49.59,21.66,1,0
232,413,202,1000,储奶袋,99.32,1,56.73,27.87,1,1
232,414,207,1004,哺乳内衣,114.54,1,65.42,32.14,0,1
232,415,207,1000,哺乳内衣,98.99,1,56.54,27.78,0,1
233,416,206,1010,吸奶器,42.58,1,51.8,20.5,0,0
233,417,206,1019,储奶袋,101.12,2,123.0,48.7,1,0
234,418,208,1019,婴儿消毒柜,52.65,1,20.85,7.89,1,0
234,419,201,1000,吸奶器,62.06,1,24.57,9.3,1,0
235,420,204,1002,温奶器,76.79,2,116.96,52.5,1,1
236,421,209,1019,哺乳内衣,89.33,1,69.99,34.74,1,0
237,422,201,1009,吸奶器,70.08,2,16.04,7.26,0,1
237,423,207,1016,婴儿消毒柜,95.57,2,21.88,9.9,1,1
237,424,207,1000,储奶袋,116.07,1,26.57,12.03,1,1
238,425,208,1006,温奶器,78.55,2,109.68,37.53,0,0
238,426,201,1015,温奶器,73.29,1,102.33,35.01,0,0
239,427,201,1003,婴儿消毒柜,38.69,2,12.22,5.53,0,1
239,428,206,1004,婴儿消毒柜,85.49,1,27.0,12.21,0,1
240,429,201,1016,哺乳内衣,20.13,2,25.96,11.58,0,0
240,430,200,1017,温奶器,74.65,1,96.26,42.92,0,0
241,431,207,1005,吸奶器,64.23,2,67.0,23.72,0,0
242,432,209,1010,储奶袋,26.3,1,223.45,78.22,0,0
243,433,203,1015,婴儿消毒柜,53.17,2,152.55,58.71,0,0
244,434,201,1011,储奶袋,71.1,1,80.9,34.33,0,0
245,435,209,1000,婴儿消毒柜,24.25,2,140.53,72.63,0,0
246,436,203,1014,婴儿消毒柜,101.69,2,92.99,43.04,0,1
246,437,203,1000,储奶袋,107.11,1,97.94,45.33,0,1
247,438,207,1002,储奶袋,41.77,1,240.79,96.01,0,0
248,439,208,1017,吸奶器,88.15,2,36.79,14.98,0,0
248,440,205,1007,储奶袋,58.8,2,24.54,9.99,0,0
248,441,203,1019,哺乳内衣,41.15,1,17.17,6.99,0,0
249,442,208,1004,储奶袋,100.44,2,150.28,54.57,1,0
249,443,201,1019,储奶袋,49.91,1,74.68,27.12,0,0
250,444,206,1011,温奶器,85.49,2,96.32,34.12,1,0
250,445,205,1012,哺乳内衣,60.32,1,67.96,24.07,1,0
250,446,208,1006,哺乳内衣,63.26,1,71.27,25.25,0,0
251,447,206,1003,吸奶器,25.45,1,231.61,93.32,0,0
252,448,204,1003,温奶器,79.17,1,69.99,21.99,1,0
252,449,204,1014,吸奶器,39.19,1,34.64,10.89,0,0
252,450,203,1012,温奶器,73.71,1,65.16,20.47,0,0
253,451,206,1004,婴儿消毒柜,41.77,2,168.56,80.55,0,1
254,452,204,1012,婴儿消毒柜,93.36,2,118.71,48.89,0,1
255,453,203,1014,储奶袋,73.1,1,195.53,91.83,0,0
256,454,202,1001,温奶器,61.12,1,146.88,64.38,1,0
257,455,203,1004,吸奶器,78.15,2,94.21,27.88,1,1
257,456,200,1007,哺乳内衣,70.37,1,84.83,25.1,0,1
258,457,207,1018,储奶袋,30.11,1,124.26,59.65,0,0
259,458,203,1002,哺乳内衣,46.36,2,190.93,65.08,1,0
260,459,207,1012,哺乳内衣,43.37,1,211.38,95.92,1,1
261,460,209,1017,储奶袋,69.52,1,62.22,27.77,1,0
262,461,206,1000,哺乳内衣,67.59,2,213.24,100.69,0,0
263,462,209,1008,哺乳内衣,80.36,1,93.93,39.92,1,0
263,463,205,1019,哺乳内衣,47.0,2,54.94,23.35,0,0
264,464,208,1009,吸奶器,84.92,2,103.54,38.32,1,0
264,465,204,1006,吸奶器,92.1,2,112.29,41.57,1,0
265,466,203,1009,婴儿消毒柜,44.03,1,23.94,12.14,0,0
265,467,204,1008,温奶器,93.82,2,51.0,25.88,0,0
265,468,203,1003,哺乳内衣,91.88,2,49.95,25.34,0,0
266,469,207,1006,温奶器,94.64,2,113.39,38.53,1,1
267,470,200,1012,温奶器,36.56,2,231.31,111.14,0,0
268,471,207,1011,吸奶器,24.77,1,17.84,7.81,0,0
268,472,201,1002,婴儿消毒柜,93.6,1,67.42,29.53,0,0
269,473,203,1001,哺乳内衣,91.89,1,88.78,37.4,1,0
269,474,205,1019,温奶器,106.23,1,102.63,43.23,0,0
269,475,200,1001,吸奶器,25.17,2,24.32,10.24,1,0
270,476,202,1005,温奶器,36.7,2,136.48,49.86,1,0
271,477,206,1014,温奶器,45.24,1,38.37,11.61,1,0
271,478,205,1013,婴儿消毒柜,91.65,2,77.73,23.52,1,0
271,479,205,1008,储奶袋,31.84,1,27.0,8.17,0,0
272,480,207,1018,哺乳内衣,68.82,1,40.08,15.81,1,0
272,481,200,1009,储奶袋,99.2,1,57.78,22.78,0,0
273,482,205,1014,储奶袋,63.66,1,37.02,16.69,0,0
273,483,200,1018,温奶器,94.38,1,54.88,24.74,0,0
273,484,208,1008,温奶器,110.37,2,64.18,28.93,0,0
274,485,202,1002,储奶袋,102.85,2,40.83,16.11,0,0
274,486,207,1010,哺乳内衣,75.96,1,30.15,11.9,0,0
274,487,202,1001,婴儿消毒柜,77.01,1,30.57,12.07,0,0
275,488,204,1010,哺乳内衣,86.64,2,15.33,6.63,0,0
275,489,200,1016,吸奶器,74.52,2,13.19,5.7,0,0
275,490,206,1005,婴儿消毒柜,57.19,1,10.12,4.37,1,0
276,491,203,1002,温奶器,85.67,1,89.84,37.71,1,0
277,492,209,1007,储奶袋,52.54,1,31.4,10.93,1,0
278,493,204,1019,哺乳内衣,82.76,1,245.24,110.65,0,0
279,494,201,1010,吸奶器,81.13,1,242.46,120.95,1,0
280,495,201,1017,储奶袋,112.44,1,90.02,39.46,0,0
280,496,207,1014,温奶器,33.62,2,26.91,11.8,0,0
281,497,200,1018,哺乳内衣,65.49,2,190.24,76.7,0,0
282,498,200,1005,温奶器,80.07,1,106.08,47.87,0,1
283,499,202,1000,温奶器,68.11,1,177.64,78.26,0,0
284,500,208,1000,吸奶器,89.63,1,117.71,51.62,1,0
284,501,205,1005,哺乳内衣,68.13,2,89.48,39.24,1,0
285,502,201,1003,吸奶器,70.72,1,238.29,107.95,0,0
286,503,203,1016,哺乳内衣,61.41,2,118.05,35.89,0,0
287,504,200,1013,婴儿消毒柜,105.45,1,202.33,85.51,0,1
288,505,209,1017,婴儿消毒柜,57.55,1,88.5,32.47,0,0
289,506,202,1012,婴儿消毒柜,75.66,2,247.87,117.24,1,0
290,507,202,1009,吸奶器,77.16,1,14.27,6.35,1,0
290,508,202,1015,吸奶器,115.68,1,21.4,9.51,1,0
291,509,200,1014,婴儿消毒柜,32.67,1,82.58,30.04,0,1
291,510,205,1014,哺乳内衣,31.73,1,80.2,29.18,0,1
292,511,207,1018,哺乳内衣,72.14,2,77.3,34.87,0,0
292,512,204,1002,哺乳内衣,91.27,1,97.79,44.11,0,0
293,513,209,1011,哺乳内衣,63.5,1,181.37,68.51,1,1
294,514,201,1017,婴儿消毒柜,70.16,2,56.49,15.29,0,0
295,515,201,1016,储奶袋,46.83,1,236.48,100.27,0,0
296,516,207,1018,吸奶器,85.99,2,69.86,31.0,0,0
297,517,201,1019,储奶袋,107.19,1,84.45,32.42,1,0
297,518,209,1004,储奶袋,104.78,2,82.56,31.7,0,0
298,519,208,1009,吸奶器,78.2,2,78.99,30.15,1,0
299,520,208,1009,储奶袋,96.47,2,97.59,44.68,0,0
300,521,202,1010,温奶器,107.09,2,150.22,55.17,1,0
301,522,201,1011,婴儿消毒柜,60.04,2,121.78,50.39,0,1
302,523,203,1016,吸奶器,108.15,1,42.26,16.78,0,0
302,524,201,1004,婴儿消毒柜,36.99,1,14.46,5.74,1,0
302,525,208,1014,婴儿消毒柜,21.83,2,8.53,3.39,0,0
303,526,208,1018,温奶器,89.55,1,67.61,29.29,1,0
304,527,203,1005,温奶器,51.19,1,121.99,52.37,0,0
305,528,207,1016,储奶袋,76.97,2,129.42,49.29,1,0
305,529,204,1007,温奶器,39.95,2,67.18,25.59,0,0
306,530,202,1013,温奶器,108.34,1,227.55,104.82,0,0
307,531,204,1012,吸奶器,83.27,2,36.79,17.72,0,0
307,532,201,1018,婴儿消毒柜,26.53,1,11.72,5.64,1,0
308,533,205,1019,储奶袋,20.61,1,116.48,44.14,0,0
309,534,209,1013,哺乳内衣,103.23,2,22.6,8.66,0,1
309,535,203,1000,储奶袋,35.53,2,7.78,2.98,1,1
309,536,209,1008,储奶袋,98.97,2,21.67,8.3,0,1
310,537,209,1015,哺乳内衣,116.56,2,17.73,6.1,1,0
310,538,208,1014,温奶器,104.66,2,15.92,5.47,0,0
311,539,208,1013,哺乳内衣,116.02,2,175.58,75.94,0,0
312,540,209,1017,哺乳内衣,76.0,2,162.54,67.33,0,0
313,541,201,1001,吸奶器,87.97,1,41.3,15.06,0,0
313,542,205,1006,吸奶器,52.32,1,24.56,8.95,1,0
314,543,203,1017,吸奶器,74.72,1,81.44,32.02,1,0
315,544,207,1007,温奶器,111.18,1,19.87,8.57,0,1
315,545,201,1005,储奶袋,85.87,1,15.35,6.62,1,1
316,546,207,1002,储奶袋,57.12,2,82.47,38.56,0,0
316,547,206,1003,温奶器,47.57,2,68.68,32.12,0,0
316,548,203,1008,储奶袋,43.31,1,62.53,29.24,1,0
317,549,207,1016,吸奶器,108.26,2,136.1,52.64,0,0
317,550,203,1014,储奶袋,47.04,1,59.14,22.87,1,0
317,551,203,1006,婴儿消毒柜,39.13,2,49.19,19.03,0,0
318,552,202,1017,温奶器,95.81,2,59.8,22.62,0,0
319,553,203,1012,哺乳内衣,30.63,1,44.2,14.68,0,0
319,554,201,1008,温奶器,25.45,2,36.72,12.19,0,0
320,555,203,1017,储奶袋,102.42,1,221.05,93.07,1,0
321,556,209,1000,哺乳内衣,100.22,1,233.82,94.14,0,0
322,557,209,1002,吸奶器,78.18,1,122.32,54.78,0,1
323,558,203,1009,哺乳内衣,113.24,1,41.14,16.8,0,0
324,559,208,1014,吸奶器,56.18,2,15.19,5.02,0,1
324,560,201,1011,温奶器,86.83,2,23.48,7.76,0,1
325,561,201,1004,吸奶器,119.51,2,100.6,39.95,0,0
325,562,202,1010,温奶器,66.13,1,55.67,22.1,0,0
326,563,203,1001,储奶袋,81.07,1,54.69,21.95,1,0
326,564,207,1014,哺乳内衣,24.52,1,16.54,6.64,0,0
326,565,205,1009,储奶袋,67.02,2,45.21,18.14,0,0
327,566,203,1015,哺乳内衣,29.91,1,6.36,2.23,1,0
327,567,209,1001,婴儿消毒柜,78.83,2,16.77,5.89,0,0
327,568,202,1004,哺乳内衣,61.92,1,13.17,4.63,1,0
328,569,205,1008,吸奶器,106.8,1,101.72,43.09,0,0
328,570,205,1016,哺乳内衣,59.43,2,56.6,23.98,1,0
329,571,208,1005,婴儿消毒柜,102.15,1,15.58,6.26,1,1
329,572,203,1014,储奶袋,35.31,1,5.39,2.16,0,1
329,573,206,1016,婴儿消毒柜,75.55,1,11.52,4.63,0,1
330,574,206,1018,婴儿消毒柜,41.98,1,40.31,17.78,0,0
330,575,203,1008,吸奶器,83.16,2,79.85,35.21,0,0
330,576,201,1019,吸奶器,86.51,2,83.06,36.63,1,0
331,577,204,1007,储奶袋,98.39,2,97.42,30.18,0,0
332,578,200,1003,哺乳内衣,45.05,2,8.98,4.1,0,0
332,579,205,1001,储奶袋,102.74,1,20.48,9.34,0,0
332,580,201,1007,吸奶器,47.19,2,9.41,4.29,1,0
333,581,200,1008,温奶器,30.03,2,28.33,6.2,0,0
333,582,201,1007,温奶器,87.42,2,82.47,18.05,1,0
333,583,200,1006,婴儿消毒柜,51.56,1,48.64,10.65,0,0
334,584,201,1005,婴儿消毒柜,103.6,1,42.45,14.31,0,0
334,585,207,1019,吸奶器,94.68,1,38.79,13.07,0,0
334,586,201,1003,哺乳内衣,88.48,1,36.25,12.22,1,0
335,587,201,1008,储奶袋,105.02,1,180.05,51.53,0,0
335,588,203,1012,温奶器,37.44,1,64.19,18.37,0,0
336,589,203,1004,婴儿消毒柜,75.75,2,66.52,25.16,1,0
336,590,207,1014,哺乳内衣,94.75,2,83.2,31.46,0,0
337,591,206,1013,储奶袋,85.23,2,48.85,20.45,1,1
337,592,206,1015,储奶袋,29.28,1,16.78,7.03,1,1
337,593,205,1016,温奶器,43.46,2,24.91,10.43,1,1
338,594,201,1010,婴儿消毒柜,34.1,2,60.95,19.44,0,0
338,595,204,1003,吸奶器,70.01,2,125.13,39.9,0,0
339,596,206,1012,储奶袋,76.64,1,89.73,40.86,0,0
340,597,208,1003,储奶袋,25.06,1,33.63,11.95,0,0
340,598,202,1017,温奶器,51.12,2,68.61,24.37,0,0
340,599,200,1012,温奶器,94.39,2,126.69,45.01,1,0
341,600,209,1005,温奶器,44.77,1,112.44,52.26,0,1
342,601,208,1007,婴儿消毒柜,76.54,1,150.97,74.37,0,0
343,602,200,1015,婴儿消毒柜,70.17,2,31.3,11.29,0,0
343,603,204,1019,吸奶器,22.03,1,9.83,3.54,1,0
344,604,206,1017,哺乳内衣,49.73,1,123.75,57.52,0,0
345,605,201,1001,婴儿消毒柜,51.83,1,213.12,81.52,1,0
346,606,205,1007,温奶器,78.85,2,112.98,58.36,0,0
346,607,208,1017,吸奶器,65.79,1,94.26,48.69,1,0
347,608,201,1005,温奶器,114.05,1,34.82,11.24,0,0
347,609,201,1009,储奶袋,63.14,2,19.28,6.22,0,0
347,610,203,1015,储奶袋,82.69,1,25.25,8.15,1,0
348,611,206,1006,吸奶器,113.8,2,41.71,17.39,0,1
348,612,209,1016,储奶袋,57.09,1,20.93,8.72,0,1
348,613,203,1003,吸奶器,46.66,1,17.1,7.13,1,1
349,614,200,1006,婴儿消毒柜,55.45,2,209.81,96.24,0,0
350,615,203,1004,吸奶器,34.08,2,78.6,31.27,0,0
350,616,208,1004,储奶袋,67.68,1,156.09,62.1,1,0
351,617,201,1003,哺乳内衣,106.98,1,50.98,21.72,1,0
352,618,209,1014,吸奶器,76.02,2,72.74,23.76,1,0
352,619,207,1013,吸奶器,58.8,2,56.27,18.38,1,0
353,620,208,1012,哺乳内衣,92.95,1,49.76,16.51,1,0
353,621,205,1007,温奶器,101.78,1,54.48,18.07,1,0
354,622,206,1006,哺乳内衣,37.2,1,221.55,62.99,0,1
355,623,206,1010,婴儿消毒柜,49.2,2,17.63,8.33,1,0
355,624,204,1002,温奶器,85.78,1,30.75,14.53,0,0
356,625,203,1001,婴儿消毒柜,72.71,1,39.75,15.17,0,1
356,626,208,1006,储奶袋,67.13,1,36.7,14.0,0,1
357,627,205,1001,哺乳内衣,99.34,1,98.39,42.42,0,0
357,628,201,1005,哺乳内衣,98.09,2,97.15,41.88,0,0
358,629,202,1018,吸奶器,105.61,1,18.04,7.28,1,0
358,630,208,1006,吸奶器,23.38,1,3.99,1.61,1,0
358,631,201,1007,温奶器,112.73,1,19.25,7.77,0,0
359,632,208,1007,哺乳内衣,25.6,2,23.04,9.16,0,0
359,633,201,1001,哺乳内衣,88.73,1,79.84,31.76,0,0
359,634,201,1003,哺乳内衣,39.43,2,35.48,14.11,1,0
360,635,208,1001,哺乳内衣,116.63,2,127.26,51.68,0,1
361,636,202,1009,储奶袋,87.09,1,52.31,23.98,1,0
361,637,209,1003,哺乳内衣,25.96,1,15.59,7.15,0,0
361,638,208,1003,吸奶器,59.37,2,35.66,16.35,1,0
362,639,204,1016,储奶袋,59.04,1,81.69,30.95,1,0
362,640,201,1005,储奶袋,25.38,1,35.12,13.3,1,0
363,641,209,1010,婴儿消毒柜,78.26,1,75.43,32.3,1,0
363,642,202,1001,温奶器,73.83,2,71.16,30.47,1,0
364,643,208,1004,婴儿消毒柜,95.9,2,41.45,16.76,0,1
364,644,209,1019,吸奶器,55.64,2,24.05,9.72,0,1
365,645,206,1006,吸奶器,42.68,2,86.16,34.68,0,0
365,646,205,1010,婴儿消毒柜,34.52,1,69.68,28.05,1,0
366,647,206,1011,哺乳内衣,29.97,2,26.1,12.33,1,1
366,648,203,1014,储奶袋,97.39,2,84.82,40.07,0,1
366,649,200,1019,储奶袋,110.56,2,96.28,45.49,0,1
367,650,205,1011,哺乳内衣,62.2,2,197.24,80.11,0,0
368,651,208,1019,哺乳内衣,80.6,1,63.86,30.89,0,0
369,652,205,1000,吸奶器,110.89,1,24.72,10.98,0,0
369,653,204,1002,储奶袋,50.92,1,11.35,5.04,0,0
369,654,202,1017,温奶器,119.98,1,26.75,11.87,1,0
370,655,204,1019,吸奶器,34.09,2,89.0,34.65,1,1
371,656,209,1006,储奶袋,80.93,2,85.88,29.32,1,0
371,657,207,1008,哺乳内衣,22.2,1,23.56,8.04,1,0
372,658,209,1010,储奶袋,42.19,1,119.86,58.89,0,0
373,659,205,1015,哺乳内衣,58.13,2,179.53,71.65,1,0
374,660,202,1001,吸奶器,88.18,2,22.81,8.37,0,0
374,661,204,1009,吸奶器,76.0,1,19.66,7.22,0,0
375,662,209,1015,哺乳内衣,105.28,1,37.63,17.1,0,0
376,663,203,1013,储奶袋,67.12,1,116.22,30.83,0,0
377,664,209,1008,温奶器,94.46,1,183.38,69.89,0,0
378,665,208,1002,吸奶器,99.82,2,28.02,10.87,0,0
378,666,209,1012,吸奶器,108.53,2,30.47,11.82,1,0
378,667,201,1018,储奶袋,50.13,2,14.07,5.46,0,0
379,668,207,1014,吸奶器,64.85,1,171.13,75.38,1,0
380,669,209,1001,哺乳内衣,69.59,2,62.6,22.32,0,0
380,670,204,1014,婴儿消毒柜,27.3,2,24.56,8.75,1,0
381,671,205,1007,储奶袋,75.98,1,112.25,50.3,1,0
381,672,207,1015,哺乳内衣,35.13,2,51.9,23.25,0,0
381,673,208,1000,哺乳内衣,41.15,2,60.79,27.24,0,0
382,674,201,1016,温奶器,42.17,2,66.98,24.37,0,0
382,675,204,1013,温奶器,100.77,2,160.07,58.22,1,0
383,676,207,1013,哺乳内衣,45.02,1,95.4,39.45,1,0
384,677,205,1003,哺乳内衣,102.79,2,80.6,39.1,0,1
385,678,201,1004,温奶器,85.38,2,47.17,16.75,1,0
385,679,205,1019,婴儿消毒柜,87.84,2,48.53,17.23,0,0
385,680,201,1001,储奶袋,44.89,1,24.8,8.81,0,0
386,681,201,1000,哺乳内衣,38.39,1,20.38,7.2,1,0
386,682,200,1008,储奶袋,117.77,2,62.54,22.07,0,0
387,683,204,1007,温奶器,90.8,1,177.92,43.28,0,0
388,684,209,1002,婴儿消毒柜,44.03,1,65.15,26.78,1,0
388,685,200,1007,婴儿消毒柜,99.07,2,146.58,60.25,1,0
389,686,205,1009,储奶袋,48.1,2,178.08,73.29,0,0
390,687,206,1004,哺乳内衣,94.16,1,211.36,92.01,0,0
391,688,208,1019,吸奶器,96.22,2,38.03,14.0,1,0
391,689,201,1019,储奶袋,100.85,1,39.86,14.67,1,0
391,690,205,1014,婴儿消毒柜,99.82,2,39.45,14.52,1,0
392,691,204,1015,哺乳内衣,72.79,2,64.39,27.77,1,0
393,692,202,1001,哺乳内衣,37.44,2,192.35,69.27,0,0
394,693,209,1003,储奶袋,38.28,2,109.3,56.71,0,0
395,694,203,1008,婴儿消毒柜,117.37,2,137.53,61.24,0,0
395,695,207,1001,婴儿消毒柜,34.26,1,40.15,17.87,0,0
396,696,206,1003,吸奶器,71.7,1,89.54,43.14,1,0
397,697,200,1009,哺乳内衣,103.15,1,47.87,18.05,0,1
398,698,202,1014,吸奶器,57.81,1,68.42,30.45,0,0
398,699,204,1007,温奶器,33.55,1,39.71,17.67,0,0
398,700,206,1004,哺乳内衣,118.5,1,140.25,62.42,1,0
399,701,208,1000,婴儿消毒柜,27.23,1,64.36,27.28,0,0
400,702,203,1018,哺乳内衣,95.3,1,247.45,112.36,0,0
401,703,206,1007,温奶器,70.04,2,111.17,43.26,0,0
401,704,205,1007,温奶器,84.32,2,133.83,52.07,0,0
402,705,204,1019,吸奶器,110.72,1,204.64,55.96,1,0
403,706,205,1002,婴儿消毒柜,33.94,2,175.07,82.56,1,0
404,707,207,1004,储奶袋,111.9,2,63.82,23.32,0,0
404,708,208,1009,婴儿消毒柜,88.28,2,50.35,18.4,0,0
404,709,208,1015,婴儿消毒柜,75.29,1,42.94,15.69,0,0
405,710,209,1017,吸奶器,45.49,1,38.21,17.41,0,0
405,711,207,1007,哺乳内衣,112.18,2,94.23,42.93,1,0
405,712,201,1018,吸奶器,104.87,2,88.09,40.14,0,0
406,713,203,1016,哺乳内衣,72.47,2,93.68,41.25,1,0
407,714,204,1015,哺乳内衣,54.34,1,92.31,37.2,0,0
407,715,209,1005,温奶器,23.89,1,40.58,16.36,0,0
408,716,205,1013,储奶袋,85.03,1,61.59,24.72,0,0
408,717,205,1008,储奶袋,38.35,1,27.78,11.15,1,0
408,718,203,1015,吸奶器,106.16,1,76.9,30.86,0,0
409,719,200,1012,温奶器,94.29,1,55.63,21.3,0,0
409,720,207,1017,婴儿消毒柜,109.87,1,64.83,24.82,1,0
410,721,200,1007,吸奶器,111.72,1,59.8,25.93,0,0
410,722,204,1009,哺乳内衣,77.74,1,41.61,18.04,1,0
410,723,203,1011,吸奶器,42.28,1,22.63,9.81,1,0
411,724,204,1004,储奶袋,40.43,1,22.41,10.9,0,0
411,725,203,1017,吸奶器,85.06,2,47.16,22.93,0,0
411,726,200,1010,储奶袋,59.68,1,33.09,16.09,0,0
412,727,201,1006,哺乳内衣,104.16,2,154.13,70.8,0,0
413,728,202,1005,哺乳内衣,46.76,1,217.13,82.24,1,0
414,729,203,1004,储奶袋,69.79,2,34.67,12.16,0,0
414,730,205,1002,哺乳内衣,79.85,2,39.67,13.91,1,0
415,731,205,1012,吸奶器,99.99,2,119.43,44.06,1,0
415,732,209,1000,温奶器,97.25,2,116.15,42.85,0,0
416,733,206,1001,温奶器,37.68,1,51.93,20.86,0,0
416,734,209,1009,吸奶器,66.35,2,91.43,36.73,0,0
416,735,202,1004,吸奶器,27.75,2,38.24,15.36,0,0
417,736,205,1008,婴儿消毒柜,106.33,2,211.12,80.19,0,0
418,737,200,1009,温奶器,75.19,2,152.36,63.34,0,0
419,738,202,1014,婴儿消毒柜,27.79,2,64.94,20.72,1,0
419,739,204,1014,吸奶器,58.44,1,136.55,43.58,0,0
420,740,205,1004,温奶器,102.25,1,33.56,12.51,0,0
421,741,206,1017,婴儿消毒柜,71.43,2,210.04,93.36,0,0
422,742,201,1010,吸奶器,64.58,1,38.83,16.09,0,0
423,743,201,1014,温奶器,20.02,1,225.78,69.91,1,0
424,744,202,1019,哺乳内衣,83.03,2,248.23,64.25,0,0
425,745,202,1009,婴儿消毒柜,65.49,1,24.85,8.72,0,0
425,746,200,1000,温奶器,115.66,2,43.89,15.4,0,0
425,747,206,1015,婴儿消毒柜,68.4,1,25.95,9.11,0,0
426,748,208,1001,温奶器,93.51,2,76.27,28.23,0,0
427,749,202,1003,温奶器,48.94,2,87.36,35.83,1,0
427,750,204,1010,婴儿消毒柜,62.2,2,111.02,45.54,0,0
428,751,200,1018,温奶器,55.15,1,85.67,38.24,0,0
429,752,201,1000,哺乳内衣,32.59,1,72.95,30.71,1,0
429,753,203,1003,储奶袋,65.88,1,147.47,62.09,1,0
430,754,200,1016,吸奶器,66.72,2,20.02,7.76,0,0
430,755,205,1015,婴儿消毒柜,108.68,2,32.61,12.65,1,0
431,756,204,1008,哺乳内衣,72.08,2,30.01,11.62,1,0
431,757,204,1014,储奶袋,66.54,2,27.7,10.72,1,0
432,758,202,1008,婴儿消毒柜,52.01,1,245.41,115.22,1,0
433,759,201,1009,哺乳内衣,90.02,2,67.76,28.04,0,0
433,760,201,1018,吸奶器,109.74,2,82.6,34.18,0,0
433,761,208,1009,温奶器,37.04,1,27.88,11.54,0,0
434,762,206,1005,哺乳内衣,117.66,2,83.97,36.18,1,0
434,763,208,1006,吸奶器,119.56,2,85.33,36.77,0,0
434,764,205,1009,婴儿消毒柜,65.89,1,47.02,20.26,1,0
435,765,203,1016,哺乳内衣,32.86,2,101.35,32.92,0,0
436,766,202,1010,哺乳内衣,84.49,2,178.83,79.65,1,0
437,767,207,1014,吸奶器,77.31,2,101.05,47.69,1,0
437,768,209,1013,婴儿消毒柜,45.66,1,59.68,28.16,1,0
438,769,208,1017,哺乳内衣,24.63,1,162.69,59.9,1,0
439,770,205,1013,哺乳内衣,35.65,1,41.63,16.53,1,0
439,771,207,1016,温奶器,118.64,1,138.53,55.01,1,0
440,772,206,1018,哺乳内衣,88.98,1,99.17,51.67,0,1
440,773,205,1008,哺乳内衣,51.51,2,57.41,29.91,1,1
441,774,202,1009,婴儿消毒柜,47.19,2,124.39,46.71,1,0
442,775,206,1003,婴儿消毒柜,105.13,2,40.03,15.81,0,0
442,776,207,1006,婴儿消毒柜,24.02,1,9.15,3.61,0,0
442,777,209,1011,储奶袋,109.06,2,41.53,16.4,0,0
443,778,207,1011,婴儿消毒柜,99.96,2,86.56,25.42,0,0
443,779,208,1006,哺乳内衣,74.08,1,64.15,18.84,1,0
443,780,206,1010,哺乳内衣,55.86,1,48.37,14.2,0,0
444,781,205,1012,温奶器,102.13,1,79.78,30.72,0,0
445,782,206,1013,哺乳内衣,73.83,1,182.32,74.0,1,0
446,783,200,1003,婴儿消毒柜,83.65,1,81.33,32.24,0,1
447,784,201,1001,哺乳内衣,26.97,1,88.63,32.35,1,0
447,785,208,1011,哺乳内衣,24.02,1,78.94,28.82,0,0
448,786,200,1013,哺乳内衣,42.51,1,123.69,56.33,0,0
448,787,200,1017,储奶袋,24.29,1,70.67,32.18,1,0
449,788,201,1015,储奶袋,67.58,1,33.97,14.0,1,0
449,789,207,1009,吸奶器,87.85,1,44.15,18.19,0,0
450,790,201,1007,哺乳内衣,89.04,1,43.19,17.12,0,0
451,791,209,1009,温奶器,34.83,2,58.81,21.48,1,0
452,792,203,1006,哺乳内衣,106.38,1,163.32,81.28,0,0
453,793,206,1017,温奶器,94.05,1,173.14,60.74,0,0
453,794,202,1005,吸奶器,23.76,2,43.74,15.35,0,0
454,795,203,1015,哺乳内衣,114.51,1,25.83,11.89,1,0
454,796,209,1019,储奶袋,62.35,1,14.07,6.48,1,0
455,797,201,1006,哺乳内衣,25.56,2,27.83,13.28,0,0
455,798,204,1017,婴儿消毒柜,64.37,1,70.09,33.44,1,0
455,799,208,1010,吸奶器,85.96,2,93.59,44.65,1,0
456,800,208,1018,哺乳内衣,97.52,1,105.09,42.61,1,0
457,801,204,1010,温奶器,72.32,2,71.01,29.09,0,0
457,802,201,1018,哺乳内衣,65.46,1,64.27,26.33,0,0
458,803,202,1007,温奶器,34.91,2,234.35,83.82,0,1
459,804,208,1016,吸奶器,93.56,2,36.89,18.36,0,0
459,805,206,1006,婴儿消毒柜,70.41,1,27.76,13.82,0,0
459,806,207,1012,婴儿消毒柜,97.34,2,38.38,19.1,1,0
460,807,200,1016,储奶袋,98.91,2,132.37,44.16,0,0
461,808,201,1007,吸奶器,27.87,2,33.01,14.72,0,0
462,809,208,1019,温奶器,42.48,2,9.49,4.37,0,0
462,810,208,1012,储奶袋,102.77,1,22.97,10.57,0,0
462,811,208,1013,温奶器,69.29,2,15.49,7.12,0,0
463,812,202,1005,婴儿消毒柜,38.44,2,86.89,33.49,1,0
464,813,206,1011,哺乳内衣,82.85,1,21.08,8.4,0,0
464,814,202,1010,储奶袋,59.16,2,15.05,6.0,0,0
465,815,203,1009,温奶器,47.38,1,168.9,78.03,1,0
466,816,202,1013,吸奶器,36.95,2,31.92,11.99,0,0
466,817,204,1019,储奶袋,80.21,2,69.3,26.03,1,0
466,818,205,1007,储奶袋,26.15,2,22.59,8.48,0,0
467,819,204,1004,温奶器,110.6,1,101.99,39.95,0,0
467,820,208,1018,哺乳内衣,24.96,2,23.02,9.02,1,0
467,821,209,1002,储奶袋,27.75,2,25.59,10.02,1,0
468,822,204,1016,储奶袋,57.96,1,68.42,22.84,0,0
469,823,204,1010,吸奶器,23.99,1,10.25,4.86,0,0
469,824,204,1007,温奶器,107.0,2,45.73,21.7,0,0
469,825,201,1018,哺乳内衣,91.57,1,39.13,18.57,1,0
470,826,203,1015,储奶袋,110.22,1,176.04,75.75,0,0
471,827,208,1007,吸奶器,108.53,1,82.53,33.54,0,0
471,828,200,1010,吸奶器,104.3,2,79.31,32.23,0,0
471,829,201,1019,储奶袋,105.89,2,80.52,32.73,0,0
472,830,207,1004,婴儿消毒柜,21.25,2,4.97,2.32,1,0
472,831,205,1008,温奶器,62.68,2,14.65,6.85,0,0
472,832,205,1010,哺乳内衣,91.86,1,21.47,10.04,1,0
473,833,200,1010,温奶器,78.81,1,135.15,46.43,0,0
473,834,204,1008,温奶器,52.91,2,90.73,31.17,0,0
474,835,205,1001,哺乳内衣,72.49,2,156.91,57.33,1,0
475,836,203,1000,储奶袋,96.08,1,55.09,19.69,1,0
475,837,209,1017,婴儿消毒柜,69.86,2,40.05,14.31,0,0
475,838,207,1009,储奶袋,102.77,2,58.92,21.06,0,0
476,839,202,1006,吸奶器,97.13,2,84.79,35.4,0,0
476,840,203,1005,婴儿消毒柜,63.32,1,55.27,23.07,1,0
477,841,201,1017,温奶器,40.27,2,45.27,13.77,0,0
478,842,204,1003,吸奶器,24.56,2,10.36,4.95,0,0
478,843,205,1017,吸奶器,93.39,1,39.41,18.81,1,0
479,844,202,1014,婴儿消毒柜,113.6,1,68.76,34.97,0,0
479,845,207,1007,哺乳内衣,50.23,1,30.4,15.46,0,0
479,846,200,1015,储奶袋,104.13,2,63.03,32.05,1,0
480,847,209,1011,温奶器,97.76,2,105.01,36.33,0,1
481,848,202,1001,吸奶器,25.66,1,27.81,9.46,0,0
481,849,207,1016,吸奶器,107.93,2,116.99,39.77,1,0
481,850,207,1012,温奶器,80.26,2,87.0,29.57,0,0
482,851,201,1013,哺乳内衣,44.52,1,25.28,8.67,0,0
482,852,209,1001,哺乳内衣,81.79,2,46.44,15.93,1,0
482,853,204,1004,储奶袋,84.06,2,47.73,16.37,0,0
483,854,208,1011,温奶器,103.61,2,27.99,10.88,0,0
483,855,207,1011,储奶袋,50.23,1,13.57,5.28,0,0
483,856,206,1005,储奶袋,73.85,1,19.95,7.76,0,0
484,857,202,1001,储奶袋,107.57,2,93.42,35.23,0,0
484,858,200,1014,储奶袋,108.04,1,93.82,35.38,0,0
485,859,203,1003,吸奶器,107.25,2,73.33,32.25,0,0
485,860,209,1000,哺乳内衣,31.02,2,21.21,9.33,1,0
486,861,205,1003,哺乳内衣,98.68,1,145.6,52.17,1,0
487,862,202,1006,婴儿消毒柜,85.75,1,183.52,95.74,1,0
488,863,203,1006,储奶袋,112.19,2,134.98,37.98,1,0
488,864,209,1013,吸奶器,77.37,1,93.08,26.19,1,0
489,865,203,1016,哺乳内衣,46.89,1,204.28,65.91,1,0
490,866,207,1009,储奶袋,118.81,1,89.17,29.8,1,0
490,867,201,1004,温奶器,29.57,2,22.19,7.42,0,0
490,868,208,1004,温奶器,89.86,1,67.44,22.54,0,0
491,869,202,1017,温奶器,30.67,1,96.82,38.27,0,0
491,870,201,1006,温奶器,26.2,1,82.7,32.69,0,0
492,871,205,1013,储奶袋,109.11,1,238.1,105.37,1,0
493,872,209,1003,婴儿消毒柜,105.52,1,60.26,23.77,0,0
493,873,206,1018,哺乳内衣,60.98,2,34.82,13.74,0,0
494,874,203,1005,温奶器,80.97,1,8.04,3.16,0,1
494,875,200,1019,温奶器,117.79,1,11.69,4.6,0,1
494,876,201,1013,婴儿消毒柜,105.94,2,10.51,4.13,1,1
495,877,206,1013,吸奶器,93.86,2,89.83,38.79,1,1
496,878,203,1003,温奶器,109.58,1,77.94,30.8,1,1
497,879,208,1007,哺乳内衣,58.55,2,175.6,71.69,1,0
498,880,200,1010,温奶器,50.89,1,92.29,40.84,0,0
498,881,203,1010,婴儿消毒柜,42.53,1,77.13,34.13,0,0
499,882,206,1004,哺乳内衣,114.03,2,160.56,73.11,0,0
500,883,200,1009,温奶器,33.1,2,10.77,5.17,1,0
500,884,203,1013,哺乳内衣,70.12,2,22.8,10.95,1,0
