channel_id,country_code,spu_id,dt_month,voc_cnt,voc_rate,star_rating,good_rate,bad_rate,review_cnt,review_cnt_new
AMZ_US,US,SPU201,2025-10,112,0.1215,3.7,0.83,0.17,141,87
AMZ_US,US,SPU201,2025-11,84,0.0743,3.9,0.64,0.18,328,6
AMZ_US,US,SPU201,2025-12,97,0.1265,3.8,0.65,0.09,479,62
AMZ_US,US,SPU201,2026-01,31,0.011,3.5,0.76,0.13,495,64
AMZ_US,US,SPU202,2025-10,24,0.0738,4.5,0.66,0.15,339,7
AMZ_US,US,SPU202,2025-11,60,0.1052,4.1,0.6,0.24,33,13
AMZ_US,US,SPU202,2025-12,99,0.0237,4.4,0.73,0.07,283,51
AMZ_US,US,SPU202,2026-01,44,0.1373,3.8,0.8,0.11,409,58
AMZ_US,US,SPU203,2025-10,115,0.0895,3.5,0.85,0.14,221,66
AMZ_US,US,SPU203,2025-11,23,0.1118,3.9,0.77,0.15,209,44
AMZ_US,US,SPU203,2025-12,91,0.0856,4.3,0.89,0.17,60,33
AMZ_US,US,SPU203,2026-01,24,0.0331,3.5,0.73,0.13,155,92
AMZ_US,US,SPU204,2025-10,72,0.1242,4.4,0.82,0.2,280,45
AMZ_US,US,SPU204,2025-11,37,0.1308,4.3,0.7,0.06,426,66
AMZ_US,US,SPU204,2025-12,46,0.1121,4.3,0.87,0.14,120,51
AMZ_US,US,SPU204,2026-01,140,0.1165,4.2,0.83,0.15,412,83
AMZ_US,US,SPU205,2025-10,24,0.0255,4.1,0.66,0.23,260,56
AMZ_US,US,SPU205,2025-11,105,0.1074,3.7,0.78,0.16,48,40
AMZ_US,US,SPU205,2025-12,22,0.0208,3.9,0.65,0.24,64,66
AMZ_US,US,SPU205,2026-01,194,0.0248,4.1,0.67,0.13,465,79
AMZ_US,US,SPU206,2025-10,137,0.123,4.7,0.7,0.07,396,31
AMZ_US,US,SPU206,2025-11,199,0.0101,4.0,0.69,0.08,430,13
AMZ_US,US,SPU206,2025-12,71,0.0411,3.7,0.7,0.24,393,36
AMZ_US,US,SPU206,2026-01,105,0.0881,4.0,0.62,0.1,287,43
AMZ_US,US,SPU207,2025-10,139,0.1097,3.7,0.9,0.1,21,6
AMZ_US,US,SPU207,2025-11,63,0.0146,3.9,0.79,0.19,72,48
AMZ_US,US,SPU207,2025-12,169,0.0874,4.3,0.62,0.12,420,42
AMZ_US,US,SPU207,2026-01,33,0.0758,4.8,0.72,0.21,163,77
AMZ_US,US,SPU208,2025-10,133,0.0811,4.4,0.86,0.12,439,23
AMZ_US,US,SPU208,2025-11,99,0.0817,3.8,0.79,0.08,436,44
AMZ_US,US,SPU208,2025-12,137,0.0825,4.6,0.8,0.2,453,27
AMZ_US,US,SPU208,2026-01,168,0.1328,3.8,0.8,0.21,79,6
AMZ_US,US,SPU209,2025-10,138,0.023,4.7,0.87,0.18,28,23
AMZ_US,US,SPU209,2025-11,57,0.1285,4.6,0.72,0.23,135,79
AMZ_US,US,SPU209,2025-12,122,0.0326,4.7,0.78,0.05,492,29
AMZ_US,US,SPU209,2026-01,102,0.0497,3.9,0.75,0.14,464,45
AMZ_US,UK,SPU201,2025-10,170,0.0125,4.1,0.65,0.12,411,11
AMZ_US,UK,SPU201,2025-11,154,0.0531,4.2,0.75,0.18,41,34
AMZ_US,UK,SPU201,2025-12,47,0.147,4.1,0.87,0.14,296,34
AMZ_US,UK,SPU201,2026-01,106,0.0908,4.1,0.66,0.19,166,8
AMZ_US,UK,SPU202,2025-10,44,0.1176,3.6,0.9,0.14,65,10
AMZ_US,UK,SPU202,2025-11,108,0.1147,4.7,0.7,0.16,114,64
AMZ_US,UK,SPU202,2025-12,125,0.0512,4.0,0.86,0.11,147,22
AMZ_US,UK,SPU202,2026-01,34,0.0653,4.6,0.88,0.06,133,36
AMZ_US,UK,SPU203,2025-10,184,0.1486,3.7,0.76,0.23,292,37
AMZ_US,UK,SPU203,2025-11,146,0.1083,4.0,0.69,0.21,374,54
AMZ_US,UK,SPU203,2025-12,162,0.0956,3.6,0.6,0.18,39,69
AMZ_US,UK,SPU203,2026-01,17,0.1083,4.5,0.87,0.12,111,70
AMZ_US,UK,SPU204,2025-10,41,0.091,3.5,0.74,0.16,144,26
AMZ_US,UK,SPU204,2025-11,67,0.1305,3.8,0.61,0.11,463,12
AMZ_US,UK,SPU204,2025-12,62,0.048,4.8,0.74,0.22,499,98
AMZ_US,UK,SPU204,2026-01,56,0.1079,3.7,0.64,0.24,125,34
AMZ_US,UK,SPU205,2025-10,156,0.1213,3.9,0.73,0.07,248,94
AMZ_US,UK,SPU205,2025-11,126,0.0213,4.1,0.81,0.06,141,5
AMZ_US,UK,SPU205,2025-12,43,0.0436,3.6,0.65,0.24,404,20
AMZ_US,UK,SPU205,2026-01,198,0.1133,4.2,0.78,0.13,95,30
AMZ_US,UK,SPU206,2025-10,153,0.0322,3.7,0.7,0.07,66,98
AMZ_US,UK,SPU206,2025-11,199,0.1085,4.1,0.63,0.15,58,37
AMZ_US,UK,SPU206,2025-12,110,0.0658,4.3,0.79,0.06,242,14
AMZ_US,UK,SPU206,2026-01,156,0.0804,4.6,0.8,0.08,299,84
AMZ_US,UK,SPU207,2025-10,11,0.0137,4.3,0.88,0.17,197,39
AMZ_US,UK,SPU207,2025-11,133,0.028,4.6,0.85,0.18,84,37
AMZ_US,UK,SPU207,2025-12,177,0.1367,3.8,0.62,0.07,405,39
AMZ_US,UK,SPU207,2026-01,90,0.1018,4.0,0.8,0.12,134,11
AMZ_US,UK,SPU208,2025-10,67,0.1075,4.3,0.86,0.2,296,40
AMZ_US,UK,SPU208,2025-11,147,0.0693,4.2,0.77,0.2,55,86
AMZ_US,UK,SPU208,2025-12,105,0.0577,4.7,0.86,0.14,32,27
AMZ_US,UK,SPU208,2026-01,108,0.0244,4.7,0.75,0.22,361,17
AMZ_US,UK,SPU209,2025-10,196,0.024,3.6,0.89,0.22,284,75
AMZ_US,UK,SPU209,2025-11,37,0.143,4.7,0.77,0.18,392,73
AMZ_US,UK,SPU209,2025-12,108,0.0943,4.2,0.66,0.24,163,61
AMZ_US,UK,SPU209,2026-01,48,0.0228,4.1,0.62,0.16,152,39
AMZ_US,DE,SPU201,2025-10,84,0.0264,3.7,0.83,0.17,272,11
AMZ_US,DE,SPU201,2025-11,183,0.1081,3.6,0.85,0.19,24,33
AMZ_US,DE,SPU201,2025-12,174,0.0427,4.3,0.86,0.23,164,75
AMZ_US,DE,SPU201,2026-01,54,0.1155,4.0,0.63,0.21,201,43
AMZ_US,DE,SPU202,2025-10,100,0.0448,3.9,0.73,0.1,261,96
AMZ_US,DE,SPU202,2025-11,135,0.0179,3.7,0.64,0.18,20,7
AMZ_US,DE,SPU202,2025-12,101,0.1447,4.0,0.69,0.22,441,10
AMZ_US,DE,SPU202,2026-01,67,0.0117,4.8,0.61,0.23,393,89
AMZ_US,DE,SPU203,2025-10,173,0.0875,4.8,0.76,0.18,33,19
AMZ_US,DE,SPU203,2025-11,168,0.1494,4.4,0.72,0.2,478,16
AMZ_US,DE,SPU203,2025-12,83,0.1431,4.7,0.74,0.17,27,96
AMZ_US,DE,SPU203,2026-01,173,0.0749,4.0,0.78,0.07,60,68
AMZ_US,DE,SPU204,2025-10,164,0.1077,4.2,0.69,0.21,239,33
AMZ_US,DE,SPU204,2025-11,150,0.1375,4.6,0.88,0.2,322,29
AMZ_US,DE,SPU204,2025-12,19,0.1406,4.6,0.61,0.06,308,69
AMZ_US,DE,SPU204,2026-01,155,0.1482,3.7,0.78,0.13,361,63
AMZ_US,DE,SPU205,2025-10,36,0.0897,3.6,0.61,0.08,424,59
AMZ_US,DE,SPU205,2025-11,15,0.1068,4.2,0.82,0.23,42,57
AMZ_US,DE,SPU205,2025-12,174,0.116,4.0,0.67,0.09,20,55
AMZ_US,DE,SPU205,2026-01,182,0.0949,3.8,0.8,0.17,367,99
AMZ_US,DE,SPU206,2025-10,81,0.0131,4.1,0.74,0.22,325,16
AMZ_US,DE,SPU206,2025-11,63,0.1455,3.6,0.84,0.17,274,51
AMZ_US,DE,SPU206,2025-12,160,0.1157,4.3,0.81,0.09,441,68
AMZ_US,DE,SPU206,2026-01,47,0.0951,4.3,0.77,0.07,327,42
AMZ_US,DE,SPU207,2025-10,88,0.0655,4.3,0.86,0.24,407,14
AMZ_US,DE,SPU207,2025-11,193,0.1279,4.5,0.62,0.06,281,57
AMZ_US,DE,SPU207,2025-12,135,0.0987,3.8,0.62,0.08,202,84
AMZ_US,DE,SPU207,2026-01,104,0.066,4.4,0.65,0.19,300,71
AMZ_US,DE,SPU208,2025-10,105,0.0764,4.4,0.65,0.09,422,25
AMZ_US,DE,SPU208,2025-11,14,0.0583,4.0,0.61,0.16,152,16
AMZ_US,DE,SPU208,2025-12,99,0.1352,3.7,0.7,0.11,301,51
AMZ_US,DE,SPU208,2026-01,130,0.1063,4.2,0.65,0.13,356,30
AMZ_US,DE,SPU209,2025-10,45,0.1229,4.5,0.66,0.09,146,60
AMZ_US,DE,SPU209,2025-11,23,0.0966,4.0,0.74,0.2,33,63
AMZ_US,DE,SPU209,2025-12,65,0.0286,4.4,0.85,0.2,293,42
AMZ_US,DE,SPU209,2026-01,124,0.0439,3.9,0.71,0.05,460,21
AMZ_US,FR,SPU201,2025-10,95,0.0558,3.7,0.87,0.17,87,14
AMZ_US,FR,SPU201,2025-11,76,0.1008,4.1,0.78,0.2,130,12
AMZ_US,FR,SPU201,2025-12,177,0.0704,3.7,0.69,0.12,301,68
AMZ_US,FR,SPU201,2026-01,196,0.0599,4.8,0.78,0.1,169,25
AMZ_US,FR,SPU202,2025-10,79,0.0444,3.7,0.66,0.11,114,28
AMZ_US,FR,SPU202,2025-11,64,0.1279,3.6,0.61,0.19,427,99
AMZ_US,FR,SPU202,2025-12,15,0.0657,4.8,0.86,0.21,388,98
AMZ_US,FR,SPU202,2026-01,188,0.1249,4.4,0.76,0.15,192,48
AMZ_US,FR,SPU203,2025-10,142,0.0362,3.9,0.73,0.15,132,16
AMZ_US,FR,SPU203,2025-11,56,0.109,4.5,0.63,0.15,375,81
AMZ_US,FR,SPU203,2025-12,12,0.0173,3.9,0.64,0.06,191,6
AMZ_US,FR,SPU203,2026-01,22,0.1058,3.6,0.64,0.05,284,79
AMZ_US,FR,SPU204,2025-10,152,0.076,4.0,0.7,0.24,337,64
AMZ_US,FR,SPU204,2025-11,187,0.0274,4.5,0.88,0.09,54,5
AMZ_US,FR,SPU204,2025-12,49,0.111,3.6,0.83,0.22,248,18
AMZ_US,FR,SPU204,2026-01,69,0.0329,3.7,0.84,0.18,429,66
AMZ_US,FR,SPU205,2025-10,141,0.0543,4.3,0.8,0.14,123,18
AMZ_US,FR,SPU205,2025-11,41,0.0748,3.9,0.82,0.15,172,21
AMZ_US,FR,SPU205,2025-12,62,0.1369,4.3,0.64,0.24,410,55
AMZ_US,FR,SPU205,2026-01,51,0.0295,4.5,0.79,0.16,250,31
AMZ_US,FR,SPU206,2025-10,173,0.1497,4.5,0.81,0.21,308,72
AMZ_US,FR,SPU206,2025-11,95,0.11,4.1,0.83,0.07,416,35
AMZ_US,FR,SPU206,2025-12,56,0.1285,3.7,0.72,0.21,280,33
AMZ_US,FR,SPU206,2026-01,56,0.0673,4.5,0.6,0.17,439,40
AMZ_US,FR,SPU207,2025-10,35,0.0453,3.9,0.65,0.23,57,10
AMZ_US,FR,SPU207,2025-11,32,0.0747,4.7,0.65,0.17,465,86
AMZ_US,FR,SPU207,2025-12,120,0.1117,4.3,0.63,0.23,152,41
AMZ_US,FR,SPU207,2026-01,81,0.1012,4.5,0.71,0.06,70,33
AMZ_US,FR,SPU208,2025-10,49,0.1277,4.7,0.64,0.1,365,40
AMZ_US,FR,SPU208,2025-11,191,0.1272,3.9,0.69,0.1,418,25
AMZ_US,FR,SPU208,2025-12,184,0.0177,3.9,0.84,0.05,444,39
AMZ_US,FR,SPU208,2026-01,72,0.068,4.6,0.88,0.14,494,38
AMZ_US,FR,SPU209,2025-10,100,0.0733,3.8,0.74,0.08,171,29
AMZ_US,FR,SPU209,2025-11,189,0.0686,4.7,0.71,0.17,169,30
AMZ_US,FR,SPU209,2025-12,165,0.0398,4.2,0.89,0.14,167,90
AMZ_US,FR,SPU209,2026-01,72,0.1496,4.2,0.78,0.06,234,55
AMZ_US,AU,SPU201,2025-10,132,0.122,4.0,0.74,0.17,496,34
AMZ_US,AU,SPU201,2025-11,153,0.0891,3.6,0.83,0.14,213,96
AMZ_US,AU,SPU201,2025-12,122,0.0661,4.2,0.65,0.09,432,59
AMZ_US,AU,SPU201,2026-01,112,0.1155,3.9,0.87,0.16,106,59
AMZ_US,AU,SPU202,2025-10,41,0.1102,4.4,0.61,0.09,491,91
AMZ_US,AU,SPU202,2025-11,196,0.0808,4.3,0.7,0.16,70,96
AMZ_US,AU,SPU202,2025-12,17,0.0239,3.8,0.82,0.22,419,72
AMZ_US,AU,SPU202,2026-01,174,0.0298,4.0,0.7,0.07,349,11
AMZ_US,AU,SPU203,2025-10,170,0.0391,3.5,0.65,0.17,207,86
AMZ_US,AU,SPU203,2025-11,11,0.1375,4.3,0.7,0.22,214,91
AMZ_US,AU,SPU203,2025-12,128,0.0475,4.3,0.72,0.16,245,57
AMZ_US,AU,SPU203,2026-01,181,0.0407,4.8,0.83,0.07,177,63
AMZ_US,AU,SPU204,2025-10,137,0.0355,4.1,0.75,0.2,469,29
AMZ_US,AU,SPU204,2025-11,112,0.0405,4.3,0.73,0.08,48,91
AMZ_US,AU,SPU204,2025-12,46,0.0126,4.7,0.64,0.17,441,38
AMZ_US,AU,SPU204,2026-01,26,0.0667,4.1,0.82,0.07,361,89
AMZ_US,AU,SPU205,2025-10,36,0.136,4.6,0.78,0.17,328,75
AMZ_US,AU,SPU205,2025-11,147,0.138,4.0,0.71,0.15,83,6
AMZ_US,AU,SPU205,2025-12,63,0.1133,3.6,0.78,0.1,168,15
AMZ_US,AU,SPU205,2026-01,49,0.0712,4.7,0.82,0.17,329,59
AMZ_US,AU,SPU206,2025-10,120,0.1436,3.7,0.75,0.1,258,24
AMZ_US,AU,SPU206,2025-11,90,0.0795,4.3,0.7,0.2,92,77
AMZ_US,AU,SPU206,2025-12,49,0.1119,4.1,0.81,0.14,58,39
AMZ_US,AU,SPU206,2026-01,140,0.0209,3.5,0.89,0.05,31,23
AMZ_US,AU,SPU207,2025-10,110,0.0228,4.7,0.64,0.24,330,51
AMZ_US,AU,SPU207,2025-11,21,0.0859,4.6,0.82,0.21,234,84
AMZ_US,AU,SPU207,2025-12,34,0.1365,4.3,0.81,0.06,45,51
AMZ_US,AU,SPU207,2026-01,41,0.1088,4.7,0.65,0.16,269,11
AMZ_US,AU,SPU208,2025-10,23,0.0269,4.5,0.66,0.07,334,91
AMZ_US,AU,SPU208,2025-11,91,0.1143,3.6,0.74,0.15,122,21
AMZ_US,AU,SPU208,2025-12,23,0.0935,3.8,0.64,0.07,312,47
AMZ_US,AU,SPU208,2026-01,177,0.0717,4.0,0.77,0.21,23,97
AMZ_US,AU,SPU209,2025-10,162,0.1133,4.2,0.73,0.23,469,59
AMZ_US,AU,SPU209,2025-11,179,0.1486,3.5,0.66,0.13,115,43
AMZ_US,AU,SPU209,2025-12,55,0.0591,4.5,0.72,0.15,204,20
AMZ_US,AU,SPU209,2026-01,193,0.048,4.0,0.63,0.12,359,9
AMZ_UK,US,SPU201,2025-10,74,0.0434,3.6,0.71,0.11,343,22
AMZ_UK,US,SPU201,2025-11,199,0.0925,3.9,0.87,0.06,418,53
AMZ_UK,US,SPU201,2025-12,130,0.1052,3.8,0.88,0.21,446,74
AMZ_UK,US,SPU201,2026-01,48,0.1331,4.7,0.74,0.17,172,75
AMZ_UK,US,SPU202,2025-10,61,0.0191,4.0,0.85,0.1,262,78
AMZ_UK,US,SPU202,2025-11,116,0.0347,3.8,0.66,0.21,281,9
AMZ_UK,US,SPU202,2025-12,14,0.0982,3.8,0.76,0.17,260,65
AMZ_UK,US,SPU202,2026-01,132,0.0655,4.5,0.81,0.08,179,17
AMZ_UK,US,SPU203,2025-10,129,0.1147,3.5,0.87,0.22,286,60
AMZ_UK,US,SPU203,2025-11,76,0.0482,4.1,0.61,0.22,189,13
AMZ_UK,US,SPU203,2025-12,49,0.1404,4.5,0.68,0.1,57,76
AMZ_UK,US,SPU203,2026-01,142,0.0168,4.2,0.89,0.07,303,73
AMZ_UK,US,SPU204,2025-10,90,0.0186,4.6,0.75,0.23,342,60
AMZ_UK,US,SPU204,2025-11,49,0.1049,4.2,0.68,0.23,166,84
AMZ_UK,US,SPU204,2025-12,177,0.0443,3.7,0.65,0.12,64,93
AMZ_UK,US,SPU204,2026-01,190,0.1052,4.3,0.83,0.08,254,49
AMZ_UK,US,SPU205,2025-10,67,0.0752,4.6,0.6,0.21,456,34
AMZ_UK,US,SPU205,2025-11,48,0.0325,4.6,0.85,0.15,314,70
AMZ_UK,US,SPU205,2025-12,22,0.0964,4.8,0.79,0.1,207,68
AMZ_UK,US,SPU205,2026-01,97,0.1246,3.7,0.69,0.05,252,67
AMZ_UK,US,SPU206,2025-10,165,0.0986,4.7,0.63,0.24,371,72
AMZ_UK,US,SPU206,2025-11,26,0.1179,4.4,0.74,0.06,139,86
AMZ_UK,US,SPU206,2025-12,59,0.1486,4.4,0.73,0.18,455,80
AMZ_UK,US,SPU206,2026-01,16,0.0192,4.6,0.71,0.21,478,62
AMZ_UK,US,SPU207,2025-10,35,0.0323,4.1,0.88,0.07,58,19
AMZ_UK,US,SPU207,2025-11,128,0.1256,3.9,0.85,0.2,103,26
AMZ_UK,US,SPU207,2025-12,36,0.1315,4.8,0.61,0.2,322,84
AMZ_UK,US,SPU207,2026-01,110,0.0994,4.0,0.68,0.25,276,62
AMZ_UK,US,SPU208,2025-10,133,0.1114,4.5,0.66,0.22,299,16
AMZ_UK,US,SPU208,2025-11,27,0.131,4.1,0.89,0.09,164,97
AMZ_UK,US,SPU208,2025-12,62,0.0315,4.1,0.76,0.05,368,68
AMZ_UK,US,SPU208,2026-01,181,0.0146,4.7,0.78,0.21,172,98
AMZ_UK,US,SPU209,2025-10,26,0.095,3.8,0.77,0.1,463,67
AMZ_UK,US,SPU209,2025-11,126,0.0926,4.1,0.9,0.08,296,22
AMZ_UK,US,SPU209,2025-12,73,0.0654,4.8,0.82,0.18,236,37
AMZ_UK,US,SPU209,2026-01,111,0.1371,4.4,0.82,0.08,95,50
AMZ_UK,UK,SPU201,2025-10,169,0.0126,4.1,0.66,0.12,443,36
AMZ_UK,UK,SPU201,2025-11,106,0.0825,3.6,0.71,0.06,135,30
AMZ_UK,UK,SPU201,2025-12,159,0.0551,4.8,0.66,0.19,162,48
AMZ_UK,UK,SPU201,2026-01,58,0.1432,3.7,0.87,0.17,92,99
AMZ_UK,UK,SPU202,2025-10,169,0.0518,4.7,0.88,0.18,103,66
AMZ_UK,UK,SPU202,2025-11,120,0.1241,3.6,0.87,0.16,333,26
AMZ_UK,UK,SPU202,2025-12,163,0.0773,3.6,0.65,0.14,485,16
AMZ_UK,UK,SPU202,2026-01,96,0.101,4.1,0.78,0.12,257,49
AMZ_UK,UK,SPU203,2025-10,145,0.1321,4.1,0.61,0.08,473,22
AMZ_UK,UK,SPU203,2025-11,159,0.0565,4.2,0.75,0.07,262,39
AMZ_UK,UK,SPU203,2025-12,198,0.0201,3.5,0.68,0.14,369,89
AMZ_UK,UK,SPU203,2026-01,168,0.0682,4.6,0.79,0.2,401,24
AMZ_UK,UK,SPU204,2025-10,197,0.0156,4.6,0.77,0.14,136,70
AMZ_UK,UK,SPU204,2025-11,88,0.1361,4.0,0.68,0.17,265,16
AMZ_UK,UK,SPU204,2025-12,140,0.0972,4.3,0.82,0.08,27,98
AMZ_UK,UK,SPU204,2026-01,96,0.0986,4.0,0.75,0.13,441,45
AMZ_UK,UK,SPU205,2025-10,71,0.0236,4.0,0.78,0.17,103,6
AMZ_UK,UK,SPU205,2025-11,79,0.1013,3.9,0.72,0.22,280,69
AMZ_UK,UK,SPU205,2025-12,177,0.0938,4.0,0.67,0.1,29,71
AMZ_UK,UK,SPU205,2026-01,127,0.0338,4.2,0.7,0.22,276,9
AMZ_UK,UK,SPU206,2025-10,29,0.0923,4.7,0.68,0.12,303,41
AMZ_UK,UK,SPU206,2025-11,184,0.1029,4.1,0.85,0.21,175,83
AMZ_UK,UK,SPU206,2025-12,143,0.0388,3.6,0.68,0.06,312,24
AMZ_UK,UK,SPU206,2026-01,35,0.0155,3.7,0.74,0.24,344,37
AMZ_UK,UK,SPU207,2025-10,188,0.0158,3.7,0.9,0.24,318,93
AMZ_UK,UK,SPU207,2025-11,59,0.1462,4.3,0.68,0.15,426,48
AMZ_UK,UK,SPU207,2025-12,47,0.0296,3.5,0.69,0.19,253,12
AMZ_UK,UK,SPU207,2026-01,94,0.0231,4.4,0.73,0.22,105,51
AMZ_UK,UK,SPU208,2025-10,43,0.1026,4.8,0.71,0.05,485,21
AMZ_UK,UK,SPU208,2025-11,35,0.1316,4.2,0.61,0.24,321,72
AMZ_UK,UK,SPU208,2025-12,42,0.0941,4.7,0.85,0.18,380,94
AMZ_UK,UK,SPU208,2026-01,199,0.1021,4.8,0.61,0.25,188,93
AMZ_UK,UK,SPU209,2025-10,185,0.1153,3.6,0.69,0.07,117,8
AMZ_UK,UK,SPU209,2025-11,111,0.0713,4.7,0.86,0.11,384,79
AMZ_UK,UK,SPU209,2025-12,138,0.0268,4.2,0.6,0.11,95,75
AMZ_UK,UK,SPU209,2026-01,152,0.1074,4.0,0.73,0.1,310,48
AMZ_UK,DE,SPU201,2025-10,111,0.0202,4.3,0.8,0.17,449,13
AMZ_UK,DE,SPU201,2025-11,12,0.0859,4.7,0.85,0.23,240,30
AMZ_UK,DE,SPU201,2025-12,162,0.0632,4.0,0.77,0.16,290,47
AMZ_UK,DE,SPU201,2026-01,185,0.0869,4.5,0.81,0.15,40,27
AMZ_UK,DE,SPU202,2025-10,116,0.0111,4.3,0.87,0.1,222,55
AMZ_UK,DE,SPU202,2025-11,24,0.0376,4.1,0.66,0.08,471,56
AMZ_UK,DE,SPU202,2025-12,36,0.1401,4.2,0.77,0.07,177,22
AMZ_UK,DE,SPU202,2026-01,11,0.0482,4.0,0.64,0.09,370,78
AMZ_UK,DE,SPU203,2025-10,48,0.0835,4.4,0.63,0.16,317,60
AMZ_UK,DE,SPU203,2025-11,45,0.0694,3.6,0.84,0.12,192,51
AMZ_UK,DE,SPU203,2025-12,132,0.0104,4.3,0.75,0.17,45,13
AMZ_UK,DE,SPU203,2026-01,24,0.0955,4.0,0.85,0.23,227,53
AMZ_UK,DE,SPU204,2025-10,163,0.0458,3.9,0.82,0.22,186,78
AMZ_UK,DE,SPU204,2025-11,98,0.0234,4.3,0.74,0.17,194,53
AMZ_UK,DE,SPU204,2025-12,117,0.1308,3.8,0.63,0.05,162,39
AMZ_UK,DE,SPU204,2026-01,169,0.0993,3.8,0.79,0.06,428,6
AMZ_UK,DE,SPU205,2025-10,73,0.0291,4.4,0.72,0.14,186,45
AMZ_UK,DE,SPU205,2025-11,33,0.028,3.6,0.82,0.17,186,40
AMZ_UK,DE,SPU205,2025-12,106,0.0934,4.0,0.71,0.12,215,17
AMZ_UK,DE,SPU205,2026-01,58,0.1265,4.4,0.62,0.18,283,76
AMZ_UK,DE,SPU206,2025-10,59,0.1052,3.8,0.74,0.09,149,91
AMZ_UK,DE,SPU206,2025-11,181,0.1027,4.2,0.82,0.14,283,26
AMZ_UK,DE,SPU206,2025-12,53,0.0224,4.8,0.79,0.2,330,84
AMZ_UK,DE,SPU206,2026-01,115,0.0235,4.1,0.83,0.12,415,12
AMZ_UK,DE,SPU207,2025-10,12,0.1398,3.8,0.72,0.08,24,88
AMZ_UK,DE,SPU207,2025-11,113,0.1176,3.8,0.8,0.07,425,86
AMZ_UK,DE,SPU207,2025-12,41,0.0279,4.6,0.83,0.19,161,40
AMZ_UK,DE,SPU207,2026-01,160,0.0468,4.0,0.63,0.24,476,69
AMZ_UK,DE,SPU208,2025-10,84,0.1255,3.9,0.88,0.22,281,39
AMZ_UK,DE,SPU208,2025-11,159,0.0796,4.8,0.86,0.09,258,53
AMZ_UK,DE,SPU208,2025-12,51,0.0856,4.3,0.8,0.16,481,10
AMZ_UK,DE,SPU208,2026-01,76,0.1206,3.9,0.62,0.13,85,95
AMZ_UK,DE,SPU209,2025-10,139,0.0413,4.7,0.77,0.24,469,29
AMZ_UK,DE,SPU209,2025-11,63,0.0539,4.3,0.64,0.23,257,56
AMZ_UK,DE,SPU209,2025-12,140,0.1434,4.6,0.8,0.07,424,72
AMZ_UK,DE,SPU209,2026-01,34,0.0426,3.6,0.83,0.07,111,17
AMZ_UK,FR,SPU201,2025-10,40,0.0809,4.1,0.63,0.18,368,47
AMZ_UK,FR,SPU201,2025-11,139,0.101,3.7,0.62,0.21,285,93
AMZ_UK,FR,SPU201,2025-12,139,0.0778,4.5,0.79,0.11,490,87
AMZ_UK,FR,SPU201,2026-01,146,0.0299,3.7,0.69,0.07,99,20
AMZ_UK,FR,SPU202,2025-10,106,0.0813,4.8,0.84,0.17,327,97
AMZ_UK,FR,SPU202,2025-11,61,0.1018,4.6,0.82,0.21,210,66
AMZ_UK,FR,SPU202,2025-12,16,0.0836,4.1,0.65,0.13,152,59
AMZ_UK,FR,SPU202,2026-01,139,0.0287,4.0,0.84,0.17,490,62
AMZ_UK,FR,SPU203,2025-10,129,0.0849,3.8,0.6,0.1,232,57
AMZ_UK,FR,SPU203,2025-11,91,0.019,3.6,0.71,0.1,414,67
AMZ_UK,FR,SPU203,2025-12,158,0.1282,3.6,0.75,0.08,71,86
AMZ_UK,FR,SPU203,2026-01,189,0.1303,4.0,0.89,0.08,211,21
AMZ_UK,FR,SPU204,2025-10,129,0.0542,4.4,0.73,0.1,29,62
AMZ_UK,FR,SPU204,2025-11,197,0.1194,4.6,0.75,0.13,233,76
AMZ_UK,FR,SPU204,2025-12,186,0.096,3.6,0.76,0.08,435,48
AMZ_UK,FR,SPU204,2026-01,96,0.1052,3.6,0.63,0.19,128,55
AMZ_UK,FR,SPU205,2025-10,161,0.0248,3.5,0.75,0.13,434,15
AMZ_UK,FR,SPU205,2025-11,189,0.1185,4.4,0.66,0.08,280,9
AMZ_UK,FR,SPU205,2025-12,103,0.1263,3.6,0.73,0.07,387,96
AMZ_UK,FR,SPU205,2026-01,90,0.0514,4.5,0.79,0.13,453,71
AMZ_UK,FR,SPU206,2025-10,58,0.0458,3.8,0.62,0.24,138,66
AMZ_UK,FR,SPU206,2025-11,123,0.0551,3.7,0.74,0.07,288,57
AMZ_UK,FR,SPU206,2025-12,169,0.1147,4.6,0.8,0.08,290,21
AMZ_UK,FR,SPU206,2026-01,177,0.0938,3.6,0.71,0.16,492,26
AMZ_UK,FR,SPU207,2025-10,167,0.14,4.4,0.75,0.05,424,36
AMZ_UK,FR,SPU207,2025-11,128,0.1331,3.8,0.76,0.18,168,12
AMZ_UK,FR,SPU207,2025-12,55,0.112,4.5,0.8,0.09,105,26
AMZ_UK,FR,SPU207,2026-01,98,0.1412,3.6,0.65,0.08,482,56
AMZ_UK,FR,SPU208,2025-10,36,0.1451,4.1,0.65,0.12,297,47
AMZ_UK,FR,SPU208,2025-11,174,0.0926,4.2,0.69,0.16,432,34
AMZ_UK,FR,SPU208,2025-12,48,0.0908,4.6,0.73,0.08,205,20
AMZ_UK,FR,SPU208,2026-01,81,0.0445,4.4,0.9,0.07,243,68
AMZ_UK,FR,SPU209,2025-10,115,0.1021,3.9,0.82,0.21,238,31
AMZ_UK,FR,SPU209,2025-11,75,0.0598,4.5,0.77,0.05,109,62
AMZ_UK,FR,SPU209,2025-12,63,0.1266,3.5,0.82,0.2,39,79
AMZ_UK,FR,SPU209,2026-01,153,0.0308,3.9,0.86,0.25,151,8
AMZ_UK,AU,SPU201,2025-10,29,0.1193,3.8,0.64,0.18,329,25
AMZ_UK,AU,SPU201,2025-11,47,0.0334,3.7,0.72,0.13,90,8
AMZ_UK,AU,SPU201,2025-12,23,0.1113,3.6,0.67,0.19,395,28
AMZ_UK,AU,SPU201,2026-01,171,0.0939,4.3,0.61,0.11,338,87
AMZ_UK,AU,SPU202,2025-10,159,0.1074,4.5,0.89,0.09,375,68
AMZ_UK,AU,SPU202,2025-11,28,0.0716,3.7,0.7,0.14,165,67
AMZ_UK,AU,SPU202,2025-12,125,0.0188,4.5,0.83,0.2,137,49
AMZ_UK,AU,SPU202,2026-01,170,0.069,4.3,0.84,0.07,217,51
AMZ_UK,AU,SPU203,2025-10,87,0.1146,4.5,0.89,0.09,80,14
AMZ_UK,AU,SPU203,2025-11,59,0.0331,4.4,0.78,0.17,217,85
AMZ_UK,AU,SPU203,2025-12,118,0.1196,3.6,0.86,0.1,88,97
AMZ_UK,AU,SPU203,2026-01,73,0.0361,4.5,0.74,0.15,89,94
AMZ_UK,AU,SPU204,2025-10,13,0.017,4.7,0.87,0.21,119,74
AMZ_UK,AU,SPU204,2025-11,50,0.0322,4.3,0.64,0.2,171,93
AMZ_UK,AU,SPU204,2025-12,45,0.0119,3.9,0.61,0.06,410,39
AMZ_UK,AU,SPU204,2026-01,192,0.1369,3.8,0.68,0.2,125,93
AMZ_UK,AU,SPU205,2025-10,79,0.0192,4.1,0.61,0.06,269,61
AMZ_UK,AU,SPU205,2025-11,30,0.0845,4.0,0.7,0.23,485,36
AMZ_UK,AU,SPU205,2025-12,157,0.0279,4.6,0.72,0.22,395,18
AMZ_UK,AU,SPU205,2026-01,66,0.0792,4.8,0.64,0.2,440,92
AMZ_UK,AU,SPU206,2025-10,58,0.075,4.8,0.78,0.12,444,37
AMZ_UK,AU,SPU206,2025-11,187,0.1108,4.0,0.63,0.19,308,85
AMZ_UK,AU,SPU206,2025-12,161,0.0261,4.6,0.82,0.06,105,53
AMZ_UK,AU,SPU206,2026-01,26,0.0958,3.8,0.85,0.14,24,6
AMZ_UK,AU,SPU207,2025-10,31,0.129,4.4,0.74,0.13,144,43
AMZ_UK,AU,SPU207,2025-11,95,0.0507,4.5,0.63,0.12,118,68
AMZ_UK,AU,SPU207,2025-12,72,0.0796,3.9,0.86,0.16,87,90
AMZ_UK,AU,SPU207,2026-01,152,0.0387,4.6,0.86,0.22,430,44
AMZ_UK,AU,SPU208,2025-10,67,0.1151,4.2,0.77,0.07,406,76
AMZ_UK,AU,SPU208,2025-11,53,0.0854,4.1,0.63,0.18,108,54
AMZ_UK,AU,SPU208,2025-12,180,0.1186,4.8,0.66,0.15,427,96
AMZ_UK,AU,SPU208,2026-01,50,0.0909,4.3,0.84,0.13,451,86
AMZ_UK,AU,SPU209,2025-10,51,0.0727,4.2,0.65,0.17,384,7
AMZ_UK,AU,SPU209,2025-11,36,0.0488,4.8,0.64,0.09,27,36
AMZ_UK,AU,SPU209,2025-12,133,0.1249,3.9,0.84,0.24,294,36
AMZ_UK,AU,SPU209,2026-01,146,0.1225,4.2,0.89,0.13,394,25
AMZ_DE,US,SPU201,2025-10,167,0.0989,3.7,0.86,0.14,266,31
AMZ_DE,US,SPU201,2025-11,78,0.0884,4.2,0.82,0.23,401,9
AMZ_DE,US,SPU201,2025-12,198,0.0572,3.9,0.88,0.07,79,48
AMZ_DE,US,SPU201,2026-01,130,0.076,4.6,0.74,0.12,245,90
AMZ_DE,US,SPU202,2025-10,140,0.1332,4.2,0.67,0.07,237,66
AMZ_DE,US,SPU202,2025-11,170,0.0436,3.7,0.7,0.14,333,79
AMZ_DE,US,SPU202,2025-12,194,0.071,4.3,0.82,0.21,369,19
AMZ_DE,US,SPU202,2026-01,100,0.0988,3.7,0.8,0.12,443,32
AMZ_DE,US,SPU203,2025-10,56,0.0345,4.6,0.67,0.22,362,67
AMZ_DE,US,SPU203,2025-11,76,0.1072,4.2,0.69,0.09,246,61
AMZ_DE,US,SPU203,2025-12,126,0.0672,4.5,0.87,0.1,412,81
AMZ_DE,US,SPU203,2026-01,124,0.137,4.4,0.77,0.07,395,50
AMZ_DE,US,SPU204,2025-10,47,0.0417,4.0,0.64,0.13,353,88
AMZ_DE,US,SPU204,2025-11,122,0.0159,4.5,0.88,0.11,451,87
AMZ_DE,US,SPU204,2025-12,119,0.1375,4.5,0.84,0.05,346,82
AMZ_DE,US,SPU204,2026-01,72,0.0883,4.3,0.76,0.18,417,42
AMZ_DE,US,SPU205,2025-10,190,0.0857,3.6,0.67,0.05,395,56
AMZ_DE,US,SPU205,2025-11,98,0.1254,3.6,0.67,0.2,60,72
AMZ_DE,US,SPU205,2025-12,77,0.1328,4.6,0.7,0.12,139,59
AMZ_DE,US,SPU205,2026-01,25,0.0435,4.5,0.61,0.17,83,54
AMZ_DE,US,SPU206,2025-10,158,0.0189,4.6,0.78,0.07,220,65
AMZ_DE,US,SPU206,2025-11,146,0.1037,4.6,0.86,0.16,320,91
AMZ_DE,US,SPU206,2025-12,184,0.0215,4.7,0.74,0.08,166,30
AMZ_DE,US,SPU206,2026-01,61,0.0721,4.3,0.79,0.17,176,55
AMZ_DE,US,SPU207,2025-10,141,0.1047,3.7,0.67,0.21,86,90
AMZ_DE,US,SPU207,2025-11,171,0.0762,4.8,0.68,0.13,233,29
AMZ_DE,US,SPU207,2025-12,154,0.0156,4.3,0.87,0.1,381,69
AMZ_DE,US,SPU207,2026-01,194,0.0564,4.1,0.66,0.17,256,88
AMZ_DE,US,SPU208,2025-10,65,0.0927,4.2,0.86,0.06,155,47
AMZ_DE,US,SPU208,2025-11,157,0.0251,3.9,0.84,0.16,337,58
AMZ_DE,US,SPU208,2025-12,135,0.0489,4.6,0.69,0.21,296,55
AMZ_DE,US,SPU208,2026-01,68,0.081,4.6,0.75,0.19,166,15
AMZ_DE,US,SPU209,2025-10,86,0.1401,3.7,0.72,0.2,91,76
AMZ_DE,US,SPU209,2025-11,198,0.11,4.3,0.69,0.21,122,96
AMZ_DE,US,SPU209,2025-12,17,0.1308,3.5,0.82,0.22,196,51
AMZ_DE,US,SPU209,2026-01,93,0.1061,3.6,0.72,0.14,101,23
AMZ_DE,UK,SPU201,2025-10,165,0.0869,4.7,0.72,0.11,60,43
AMZ_DE,UK,SPU201,2025-11,11,0.1036,4.4,0.71,0.17,285,18
AMZ_DE,UK,SPU201,2025-12,60,0.1379,4.3,0.86,0.19,174,6
AMZ_DE,UK,SPU201,2026-01,102,0.0193,4.2,0.64,0.05,287,39
AMZ_DE,UK,SPU202,2025-10,74,0.0218,4.0,0.87,0.21,146,99
AMZ_DE,UK,SPU202,2025-11,162,0.1121,4.3,0.85,0.19,165,40
AMZ_DE,UK,SPU202,2025-12,108,0.0209,4.2,0.86,0.17,383,36
AMZ_DE,UK,SPU202,2026-01,165,0.0911,4.5,0.63,0.23,179,61
AMZ_DE,UK,SPU203,2025-10,127,0.1088,4.4,0.71,0.08,440,11
AMZ_DE,UK,SPU203,2025-11,174,0.1346,3.9,0.65,0.06,463,22
AMZ_DE,UK,SPU203,2025-12,172,0.0577,3.6,0.72,0.11,313,68
AMZ_DE,UK,SPU203,2026-01,78,0.0844,4.6,0.77,0.16,50,8
AMZ_DE,UK,SPU204,2025-10,122,0.0297,4.1,0.61,0.15,94,49
AMZ_DE,UK,SPU204,2025-11,13,0.0239,3.8,0.88,0.13,70,54
AMZ_DE,UK,SPU204,2025-12,15,0.1159,4.1,0.69,0.23,144,41
AMZ_DE,UK,SPU204,2026-01,179,0.0625,4.1,0.73,0.25,220,33
AMZ_DE,UK,SPU205,2025-10,86,0.095,3.7,0.61,0.24,297,72
AMZ_DE,UK,SPU205,2025-11,78,0.0316,4.2,0.76,0.2,398,91
AMZ_DE,UK,SPU205,2025-12,188,0.0599,4.6,0.81,0.09,360,50
AMZ_DE,UK,SPU205,2026-01,136,0.0478,4.8,0.77,0.12,111,67
AMZ_DE,UK,SPU206,2025-10,33,0.15,3.7,0.85,0.09,292,86
AMZ_DE,UK,SPU206,2025-11,113,0.0556,4.5,0.74,0.2,27,32
AMZ_DE,UK,SPU206,2025-12,14,0.0766,4.2,0.67,0.24,136,15
AMZ_DE,UK,SPU206,2026-01,63,0.0847,4.6,0.64,0.21,495,9
AMZ_DE,UK,SPU207,2025-10,193,0.0486,4.6,0.88,0.08,166,30
AMZ_DE,UK,SPU207,2025-11,57,0.0231,4.5,0.75,0.11,247,79
AMZ_DE,UK,SPU207,2025-12,170,0.0888,4.1,0.78,0.23,261,85
AMZ_DE,UK,SPU207,2026-01,188,0.1352,4.1,0.73,0.17,258,8
AMZ_DE,UK,SPU208,2025-10,144,0.1438,3.8,0.63,0.22,356,85
AMZ_DE,UK,SPU208,2025-11,122,0.0518,3.8,0.69,0.1,344,17
AMZ_DE,UK,SPU208,2025-12,184,0.0977,4.7,0.61,0.15,368,90
AMZ_DE,UK,SPU208,2026-01,180,0.1321,4.2,0.79,0.18,223,70
AMZ_DE,UK,SPU209,2025-10,178,0.049,3.8,0.89,0.05,38,12
AMZ_DE,UK,SPU209,2025-11,35,0.126,3.9,0.6,0.2,44,41
AMZ_DE,UK,SPU209,2025-12,10,0.0197,3.5,0.88,0.21,220,5
AMZ_DE,UK,SPU209,2026-01,173,0.108,3.6,0.72,0.19,481,8
AMZ_DE,DE,SPU201,2025-10,167,0.0134,3.9,0.76,0.18,480,49
AMZ_DE,DE,SPU201,2025-11,43,0.0109,3.6,0.86,0.19,164,38
AMZ_DE,DE,SPU201,2025-12,133,0.109,3.6,0.62,0.13,130,35
AMZ_DE,DE,SPU201,2026-01,43,0.0493,4.5,0.88,0.13,46,97
AMZ_DE,DE,SPU202,2025-10,62,0.1279,4.2,0.67,0.06,422,57
AMZ_DE,DE,SPU202,2025-11,28,0.1007,3.7,0.87,0.15,465,78
AMZ_DE,DE,SPU202,2025-12,19,0.125,4.2,0.79,0.16,197,32
AMZ_DE,DE,SPU202,2026-01,119,0.1252,4.5,0.77,0.15,224,63
AMZ_DE,DE,SPU203,2025-10,17,0.048,4.1,0.69,0.08,373,79
AMZ_DE,DE,SPU203,2025-11,114,0.1148,3.9,0.6,0.15,173,22
AMZ_DE,DE,SPU203,2025-12,105,0.0931,4.7,0.77,0.14,409,73
AMZ_DE,DE,SPU203,2026-01,181,0.1137,3.9,0.63,0.12,166,13
AMZ_DE,DE,SPU204,2025-10,164,0.1313,4.2,0.87,0.24,102,53
AMZ_DE,DE,SPU204,2025-11,121,0.1411,4.4,0.63,0.06,432,37
AMZ_DE,DE,SPU204,2025-12,69,0.0986,4.4,0.6,0.08,424,17
AMZ_DE,DE,SPU204,2026-01,110,0.1452,4.5,0.89,0.19,113,77
AMZ_DE,DE,SPU205,2025-10,30,0.0766,4.3,0.9,0.07,323,32
AMZ_DE,DE,SPU205,2025-11,50,0.0766,3.6,0.79,0.2,380,75
AMZ_DE,DE,SPU205,2025-12,22,0.0683,4.6,0.86,0.09,348,42
AMZ_DE,DE,SPU205,2026-01,63,0.1332,3.8,0.8,0.17,181,13
AMZ_DE,DE,SPU206,2025-10,17,0.1012,4.5,0.69,0.18,168,32
AMZ_DE,DE,SPU206,2025-11,63,0.0379,4.7,0.69,0.12,332,53
AMZ_DE,DE,SPU206,2025-12,127,0.1195,4.2,0.63,0.19,32,41
AMZ_DE,DE,SPU206,2026-01,111,0.0572,3.5,0.64,0.13,428,7
AMZ_DE,DE,SPU207,2025-10,120,0.0562,4.7,0.68,0.19,428,64
AMZ_DE,DE,SPU207,2025-11,99,0.1049,3.9,0.83,0.2,123,96
AMZ_DE,DE,SPU207,2025-12,195,0.13,4.2,0.62,0.13,252,38
AMZ_DE,DE,SPU207,2026-01,174,0.0472,3.5,0.69,0.2,461,11
AMZ_DE,DE,SPU208,2025-10,66,0.062,3.5,0.69,0.18,154,55
AMZ_DE,DE,SPU208,2025-11,169,0.1358,4.5,0.83,0.14,233,63
AMZ_DE,DE,SPU208,2025-12,141,0.1359,4.4,0.88,0.17,224,83
AMZ_DE,DE,SPU208,2026-01,133,0.0763,3.6,0.89,0.24,152,60
AMZ_DE,DE,SPU209,2025-10,105,0.1011,4.3,0.77,0.21,36,63
AMZ_DE,DE,SPU209,2025-11,99,0.0374,3.7,0.79,0.21,320,87
AMZ_DE,DE,SPU209,2025-12,20,0.1474,4.2,0.87,0.08,478,69
AMZ_DE,DE,SPU209,2026-01,58,0.1426,3.9,0.82,0.16,178,50
AMZ_DE,FR,SPU201,2025-10,35,0.0306,3.5,0.79,0.14,73,37
AMZ_DE,FR,SPU201,2025-11,187,0.0523,4.5,0.71,0.24,65,73
AMZ_DE,FR,SPU201,2025-12,143,0.0485,4.5,0.74,0.16,416,99
AMZ_DE,FR,SPU201,2026-01,12,0.0332,4.1,0.66,0.06,180,85
AMZ_DE,FR,SPU202,2025-10,84,0.121,4.6,0.67,0.24,291,72
AMZ_DE,FR,SPU202,2025-11,108,0.0798,4.0,0.89,0.15,351,15
AMZ_DE,FR,SPU202,2025-12,110,0.0712,4.3,0.62,0.17,173,10
AMZ_DE,FR,SPU202,2026-01,13,0.1261,4.5,0.71,0.19,318,84
AMZ_DE,FR,SPU203,2025-10,171,0.116,3.7,0.74,0.19,113,69
AMZ_DE,FR,SPU203,2025-11,180,0.1033,3.7,0.77,0.2,105,48
AMZ_DE,FR,SPU203,2025-12,146,0.127,4.5,0.71,0.16,274,47
AMZ_DE,FR,SPU203,2026-01,179,0.055,4.6,0.82,0.07,120,31
AMZ_DE,FR,SPU204,2025-10,130,0.0664,4.7,0.6,0.23,457,31
AMZ_DE,FR,SPU204,2025-11,43,0.1491,3.6,0.83,0.12,487,24
AMZ_DE,FR,SPU204,2025-12,126,0.0146,3.6,0.73,0.11,36,22
AMZ_DE,FR,SPU204,2026-01,182,0.0451,4.2,0.71,0.18,133,5
AMZ_DE,FR,SPU205,2025-10,67,0.1328,4.8,0.61,0.22,60,9
AMZ_DE,FR,SPU205,2025-11,131,0.1439,3.7,0.8,0.09,87,73
AMZ_DE,FR,SPU205,2025-12,148,0.0889,4.1,0.7,0.22,128,64
AMZ_DE,FR,SPU205,2026-01,56,0.1365,4.6,0.72,0.2,298,88
AMZ_DE,FR,SPU206,2025-10,152,0.0862,3.8,0.68,0.11,131,50
AMZ_DE,FR,SPU206,2025-11,165,0.099,4.0,0.69,0.23,404,71
AMZ_DE,FR,SPU206,2025-12,120,0.1235,4.6,0.7,0.19,43,28
AMZ_DE,FR,SPU206,2026-01,13,0.0312,4.6,0.76,0.11,298,73
AMZ_DE,FR,SPU207,2025-10,104,0.0279,4.5,0.6,0.13,73,74
AMZ_DE,FR,SPU207,2025-11,110,0.1112,3.8,0.66,0.05,231,7
AMZ_DE,FR,SPU207,2025-12,137,0.0102,4.4,0.89,0.09,439,45
AMZ_DE,FR,SPU207,2026-01,150,0.0692,3.9,0.7,0.19,430,55
AMZ_DE,FR,SPU208,2025-10,194,0.0619,4.7,0.84,0.25,41,89
AMZ_DE,FR,SPU208,2025-11,63,0.0927,4.4,0.62,0.16,221,36
AMZ_DE,FR,SPU208,2025-12,196,0.0477,4.2,0.68,0.18,233,21
AMZ_DE,FR,SPU208,2026-01,77,0.1429,4.3,0.64,0.16,260,69
AMZ_DE,FR,SPU209,2025-10,60,0.0617,4.7,0.85,0.19,115,43
AMZ_DE,FR,SPU209,2025-11,132,0.1225,3.7,0.64,0.22,332,85
AMZ_DE,FR,SPU209,2025-12,171,0.123,3.8,0.7,0.12,327,7
AMZ_DE,FR,SPU209,2026-01,90,0.1082,4.4,0.77,0.24,84,85
AMZ_DE,AU,SPU201,2025-10,24,0.0809,4.0,0.87,0.05,62,39
AMZ_DE,AU,SPU201,2025-11,87,0.1085,4.8,0.73,0.1,334,33
AMZ_DE,AU,SPU201,2025-12,92,0.1089,4.2,0.76,0.14,472,31
AMZ_DE,AU,SPU201,2026-01,89,0.1308,3.7,0.84,0.16,223,84
AMZ_DE,AU,SPU202,2025-10,132,0.1331,4.6,0.8,0.18,21,26
AMZ_DE,AU,SPU202,2025-11,124,0.0802,3.6,0.69,0.24,133,20
AMZ_DE,AU,SPU202,2025-12,92,0.0979,3.8,0.65,0.09,31,57
AMZ_DE,AU,SPU202,2026-01,84,0.0368,4.0,0.88,0.14,431,82
AMZ_DE,AU,SPU203,2025-10,78,0.0196,4.5,0.69,0.14,38,90
AMZ_DE,AU,SPU203,2025-11,132,0.0179,4.0,0.88,0.18,201,11
AMZ_DE,AU,SPU203,2025-12,88,0.0263,4.5,0.84,0.17,423,33
AMZ_DE,AU,SPU203,2026-01,33,0.0487,4.1,0.89,0.06,176,78
AMZ_DE,AU,SPU204,2025-10,26,0.0244,4.2,0.89,0.16,101,94
AMZ_DE,AU,SPU204,2025-11,178,0.0386,4.2,0.62,0.17,117,93
AMZ_DE,AU,SPU204,2025-12,44,0.0476,3.9,0.8,0.24,446,59
AMZ_DE,AU,SPU204,2026-01,48,0.0341,4.7,0.62,0.14,167,23
AMZ_DE,AU,SPU205,2025-10,93,0.0229,4.2,0.79,0.19,153,83
AMZ_DE,AU,SPU205,2025-11,36,0.1046,4.4,0.78,0.11,119,63
AMZ_DE,AU,SPU205,2025-12,11,0.1313,4.7,0.63,0.08,98,63
AMZ_DE,AU,SPU205,2026-01,159,0.1415,3.5,0.83,0.18,433,29
AMZ_DE,AU,SPU206,2025-10,37,0.0978,4.0,0.88,0.16,102,5
AMZ_DE,AU,SPU206,2025-11,147,0.0659,4.6,0.66,0.18,195,42
AMZ_DE,AU,SPU206,2025-12,154,0.0797,4.5,0.7,0.23,360,29
AMZ_DE,AU,SPU206,2026-01,165,0.1306,4.6,0.75,0.14,422,96
AMZ_DE,AU,SPU207,2025-10,26,0.0866,4.4,0.81,0.09,58,27
AMZ_DE,AU,SPU207,2025-11,120,0.1134,3.5,0.67,0.09,88,47
AMZ_DE,AU,SPU207,2025-12,185,0.1376,4.0,0.73,0.09,180,79
AMZ_DE,AU,SPU207,2026-01,25,0.0214,4.7,0.85,0.21,294,40
AMZ_DE,AU,SPU208,2025-10,196,0.0497,4.5,0.72,0.15,395,95
AMZ_DE,AU,SPU208,2025-11,17,0.0196,4.0,0.88,0.17,364,43
AMZ_DE,AU,SPU208,2025-12,122,0.1311,4.7,0.86,0.06,206,89
AMZ_DE,AU,SPU208,2026-01,11,0.0982,3.8,0.81,0.14,439,41
AMZ_DE,AU,SPU209,2025-10,88,0.019,4.6,0.69,0.14,204,81
AMZ_DE,AU,SPU209,2025-11,13,0.0926,4.0,0.74,0.06,495,83
AMZ_DE,AU,SPU209,2025-12,138,0.117,4.0,0.8,0.1,57,89
AMZ_DE,AU,SPU209,2026-01,166,0.0199,3.7,0.8,0.23,128,51
DTC_US,US,SPU201,2025-10,93,0.0725,4.5,0.6,0.23,302,60
DTC_US,US,SPU201,2025-11,32,0.0457,4.5,0.62,0.22,256,59
DTC_US,US,SPU201,2025-12,55,0.1379,4.7,0.7,0.12,381,62
DTC_US,US,SPU201,2026-01,48,0.0424,3.9,0.87,0.07,128,39
DTC_US,US,SPU202,2025-10,48,0.0371,4.6,0.8,0.22,490,84
DTC_US,US,SPU202,2025-11,167,0.0715,4.3,0.65,0.18,160,36
DTC_US,US,SPU202,2025-12,55,0.0639,4.1,0.73,0.2,104,70
DTC_US,US,SPU202,2026-01,143,0.1205,3.9,0.76,0.12,145,36
DTC_US,US,SPU203,2025-10,179,0.1334,3.7,0.79,0.17,181,77
DTC_US,US,SPU203,2025-11,37,0.0535,3.7,0.67,0.1,137,19
DTC_US,US,SPU203,2025-12,135,0.1444,4.3,0.77,0.13,465,23
DTC_US,US,SPU203,2026-01,83,0.0677,4.5,0.66,0.12,160,5
DTC_US,US,SPU204,2025-10,171,0.0131,4.7,0.81,0.15,336,33
DTC_US,US,SPU204,2025-11,48,0.03,4.4,0.66,0.13,324,71
DTC_US,US,SPU204,2025-12,16,0.1182,4.7,0.83,0.17,190,29
DTC_US,US,SPU204,2026-01,140,0.0885,4.3,0.81,0.1,44,58
DTC_US,US,SPU205,2025-10,165,0.1076,4.5,0.74,0.22,444,55
DTC_US,US,SPU205,2025-11,127,0.1208,4.1,0.66,0.22,448,19
DTC_US,US,SPU205,2025-12,140,0.0119,4.0,0.79,0.05,403,52
DTC_US,US,SPU205,2026-01,145,0.1328,4.0,0.76,0.24,239,61
DTC_US,US,SPU206,2025-10,58,0.0204,4.0,0.84,0.14,467,97
DTC_US,US,SPU206,2025-11,132,0.016,4.1,0.62,0.2,59,63
DTC_US,US,SPU206,2025-12,192,0.0617,4.1,0.82,0.18,126,95
DTC_US,US,SPU206,2026-01,167,0.0405,4.4,0.75,0.05,143,65
DTC_US,US,SPU207,2025-10,57,0.0193,4.5,0.78,0.21,448,66
DTC_US,US,SPU207,2025-11,48,0.1048,4.5,0.6,0.09,63,33
DTC_US,US,SPU207,2025-12,68,0.0338,3.8,0.87,0.2,420,20
DTC_US,US,SPU207,2026-01,140,0.0706,4.5,0.86,0.16,81,46
DTC_US,US,SPU208,2025-10,85,0.0763,4.4,0.68,0.09,78,61
DTC_US,US,SPU208,2025-11,49,0.094,4.6,0.86,0.19,414,83
DTC_US,US,SPU208,2025-12,89,0.0208,4.4,0.71,0.21,165,66
DTC_US,US,SPU208,2026-01,122,0.0481,4.4,0.68,0.24,241,65
DTC_US,US,SPU209,2025-10,138,0.084,4.6,0.74,0.11,430,11
DTC_US,US,SPU209,2025-11,31,0.0188,4.5,0.85,0.14,394,74
DTC_US,US,SPU209,2025-12,93,0.1183,4.5,0.65,0.09,184,67
DTC_US,US,SPU209,2026-01,31,0.0147,4.6,0.67,0.16,139,50
DTC_US,UK,SPU201,2025-10,187,0.1197,4.1,0.66,0.15,274,33
DTC_US,UK,SPU201,2025-11,113,0.1033,3.6,0.82,0.21,400,42
DTC_US,UK,SPU201,2025-12,185,0.1257,4.7,0.88,0.21,80,78
DTC_US,UK,SPU201,2026-01,118,0.0752,4.2,0.69,0.11,310,79
DTC_US,UK,SPU202,2025-10,196,0.1289,4.0,0.6,0.07,310,90
DTC_US,UK,SPU202,2025-11,175,0.0124,4.7,0.81,0.11,202,83
DTC_US,UK,SPU202,2025-12,195,0.0889,4.3,0.86,0.17,44,72
DTC_US,UK,SPU202,2026-01,70,0.0994,4.5,0.8,0.08,172,24
DTC_US,UK,SPU203,2025-10,57,0.0936,4.7,0.88,0.12,216,67
DTC_US,UK,SPU203,2025-11,68,0.0757,4.1,0.75,0.22,189,88
DTC_US,UK,SPU203,2025-12,175,0.093,3.6,0.74,0.18,74,58
DTC_US,UK,SPU203,2026-01,129,0.1418,3.7,0.75,0.19,364,58
DTC_US,UK,SPU204,2025-10,159,0.0319,4.3,0.78,0.09,479,26
DTC_US,UK,SPU204,2025-11,184,0.0734,4.7,0.62,0.19,436,63
DTC_US,UK,SPU204,2025-12,52,0.0735,4.1,0.81,0.23,175,60
DTC_US,UK,SPU204,2026-01,99,0.0663,3.7,0.77,0.11,311,58
DTC_US,UK,SPU205,2025-10,35,0.1137,3.6,0.78,0.19,48,44
DTC_US,UK,SPU205,2025-11,167,0.1382,4.3,0.67,0.19,254,11
DTC_US,UK,SPU205,2025-12,54,0.1467,4.4,0.71,0.21,275,77
DTC_US,UK,SPU205,2026-01,172,0.0381,3.8,0.81,0.17,332,12
DTC_US,UK,SPU206,2025-10,104,0.1186,3.7,0.7,0.14,287,53
DTC_US,UK,SPU206,2025-11,26,0.1294,4.7,0.63,0.13,453,75
DTC_US,UK,SPU206,2025-12,117,0.0335,4.1,0.62,0.24,435,56
DTC_US,UK,SPU206,2026-01,24,0.0306,4.8,0.83,0.24,315,60
DTC_US,UK,SPU207,2025-10,160,0.1218,3.9,0.69,0.1,79,14
DTC_US,UK,SPU207,2025-11,48,0.0612,4.0,0.69,0.25,301,90
DTC_US,UK,SPU207,2025-12,13,0.0306,3.9,0.86,0.08,490,26
DTC_US,UK,SPU207,2026-01,139,0.1261,4.4,0.79,0.08,211,14
DTC_US,UK,SPU208,2025-10,177,0.0525,3.9,0.6,0.08,362,21
DTC_US,UK,SPU208,2025-11,74,0.0743,3.9,0.85,0.06,203,13
DTC_US,UK,SPU208,2025-12,31,0.1115,4.2,0.8,0.21,418,19
DTC_US,UK,SPU208,2026-01,72,0.0277,4.2,0.83,0.24,237,95
DTC_US,UK,SPU209,2025-10,91,0.0759,4.4,0.77,0.19,463,75
DTC_US,UK,SPU209,2025-11,57,0.067,3.9,0.74,0.2,337,17
DTC_US,UK,SPU209,2025-12,118,0.1432,3.7,0.77,0.17,365,18
DTC_US,UK,SPU209,2026-01,104,0.0664,4.8,0.88,0.2,206,67
DTC_US,DE,SPU201,2025-10,175,0.1297,3.7,0.86,0.15,265,84
DTC_US,DE,SPU201,2025-11,159,0.0945,4.2,0.77,0.12,25,82
DTC_US,DE,SPU201,2025-12,41,0.1217,4.0,0.63,0.16,306,97
DTC_US,DE,SPU201,2026-01,78,0.0345,4.4,0.67,0.09,269,88
DTC_US,DE,SPU202,2025-10,136,0.0469,3.5,0.86,0.21,295,81
DTC_US,DE,SPU202,2025-11,90,0.0313,4.1,0.71,0.07,77,76
DTC_US,DE,SPU202,2025-12,118,0.1423,4.3,0.88,0.21,288,43
DTC_US,DE,SPU202,2026-01,165,0.1165,3.7,0.75,0.14,420,34
DTC_US,DE,SPU203,2025-10,112,0.1409,4.0,0.81,0.15,190,89
DTC_US,DE,SPU203,2025-11,103,0.0386,3.9,0.75,0.17,220,56
DTC_US,DE,SPU203,2025-12,117,0.0802,3.6,0.61,0.16,327,13
DTC_US,DE,SPU203,2026-01,191,0.1495,4.5,0.83,0.09,307,19
DTC_US,DE,SPU204,2025-10,149,0.1114,3.6,0.78,0.11,209,16
DTC_US,DE,SPU204,2025-11,74,0.0955,3.8,0.62,0.16,370,21
DTC_US,DE,SPU204,2025-12,169,0.0879,4.6,0.85,0.24,361,54
DTC_US,DE,SPU204,2026-01,111,0.0127,4.6,0.76,0.21,246,15
DTC_US,DE,SPU205,2025-10,97,0.0142,4.7,0.8,0.24,175,21
DTC_US,DE,SPU205,2025-11,15,0.105,3.9,0.85,0.24,390,72
DTC_US,DE,SPU205,2025-12,186,0.0494,4.8,0.6,0.19,124,64
DTC_US,DE,SPU205,2026-01,92,0.0537,3.9,0.62,0.14,404,46
DTC_US,DE,SPU206,2025-10,57,0.1268,4.7,0.66,0.12,407,42
DTC_US,DE,SPU206,2025-11,164,0.0229,3.7,0.78,0.08,161,29
DTC_US,DE,SPU206,2025-12,43,0.0365,3.5,0.62,0.23,423,68
DTC_US,DE,SPU206,2026-01,113,0.0909,4.7,0.85,0.2,483,19
DTC_US,DE,SPU207,2025-10,172,0.0397,4.4,0.72,0.13,370,54
DTC_US,DE,SPU207,2025-11,93,0.116,3.9,0.69,0.07,265,93
DTC_US,DE,SPU207,2025-12,75,0.0358,3.9,0.73,0.22,233,89
DTC_US,DE,SPU207,2026-01,199,0.078,3.7,0.8,0.24,385,56
DTC_US,DE,SPU208,2025-10,55,0.0985,4.3,0.72,0.12,382,51
DTC_US,DE,SPU208,2025-11,100,0.1404,4.6,0.77,0.18,470,44
DTC_US,DE,SPU208,2025-12,147,0.0558,3.5,0.85,0.21,24,57
DTC_US,DE,SPU208,2026-01,64,0.0606,3.6,0.78,0.1,78,6
DTC_US,DE,SPU209,2025-10,113,0.0145,4.4,0.76,0.07,109,81
DTC_US,DE,SPU209,2025-11,132,0.1147,4.2,0.67,0.13,113,77
DTC_US,DE,SPU209,2025-12,112,0.1458,4.1,0.7,0.06,71,93
DTC_US,DE,SPU209,2026-01,85,0.0833,3.8,0.9,0.16,268,67
DTC_US,FR,SPU201,2025-10,191,0.1357,4.5,0.62,0.23,227,12
DTC_US,FR,SPU201,2025-11,199,0.1228,3.9,0.66,0.07,356,82
DTC_US,FR,SPU201,2025-12,182,0.1277,3.8,0.71,0.21,329,31
DTC_US,FR,SPU201,2026-01,22,0.0743,3.9,0.88,0.07,489,62
DTC_US,FR,SPU202,2025-10,58,0.0689,4.3,0.88,0.11,409,74
DTC_US,FR,SPU202,2025-11,68,0.1019,4.8,0.77,0.19,32,11
DTC_US,FR,SPU202,2025-12,137,0.0435,4.2,0.83,0.06,438,85
DTC_US,FR,SPU202,2026-01,172,0.0597,4.2,0.72,0.22,379,28
DTC_US,FR,SPU203,2025-10,70,0.0713,4.7,0.89,0.14,183,17
DTC_US,FR,SPU203,2025-11,67,0.0853,3.9,0.67,0.11,315,63
DTC_US,FR,SPU203,2025-12,153,0.0159,4.0,0.65,0.23,306,7
DTC_US,FR,SPU203,2026-01,145,0.0803,4.5,0.89,0.09,283,75
DTC_US,FR,SPU204,2025-10,117,0.1383,4.3,0.79,0.13,477,22
DTC_US,FR,SPU204,2025-11,123,0.1048,4.1,0.82,0.21,192,27
DTC_US,FR,SPU204,2025-12,103,0.0856,4.6,0.73,0.13,426,10
DTC_US,FR,SPU204,2026-01,41,0.0707,3.8,0.76,0.1,221,88
DTC_US,FR,SPU205,2025-10,15,0.0555,3.6,0.68,0.05,420,8
DTC_US,FR,SPU205,2025-11,90,0.112,3.9,0.8,0.21,41,69
DTC_US,FR,SPU205,2025-12,159,0.1197,3.8,0.9,0.06,335,80
DTC_US,FR,SPU205,2026-01,96,0.0744,4.1,0.69,0.09,221,87
DTC_US,FR,SPU206,2025-10,134,0.0412,3.9,0.76,0.13,431,29
DTC_US,FR,SPU206,2025-11,83,0.1357,3.6,0.72,0.07,444,29
DTC_US,FR,SPU206,2025-12,87,0.0323,3.9,0.62,0.1,104,25
DTC_US,FR,SPU206,2026-01,182,0.0526,3.8,0.68,0.11,140,46
DTC_US,FR,SPU207,2025-10,63,0.0399,4.0,0.6,0.22,206,94
DTC_US,FR,SPU207,2025-11,153,0.0116,4.5,0.69,0.06,95,64
DTC_US,FR,SPU207,2025-12,86,0.0893,3.5,0.62,0.16,98,76
DTC_US,FR,SPU207,2026-01,16,0.0285,4.2,0.66,0.07,160,47
DTC_US,FR,SPU208,2025-10,26,0.041,3.9,0.68,0.07,109,84
DTC_US,FR,SPU208,2025-11,45,0.073,3.9,0.86,0.07,419,18
DTC_US,FR,SPU208,2025-12,80,0.0172,4.1,0.73,0.12,247,51
DTC_US,FR,SPU208,2026-01,183,0.0874,3.8,0.66,0.11,330,33
DTC_US,FR,SPU209,2025-10,157,0.1127,4.0,0.72,0.08,165,73
DTC_US,FR,SPU209,2025-11,191,0.0149,4.0,0.81,0.09,337,97
DTC_US,FR,SPU209,2025-12,109,0.1341,4.7,0.69,0.1,422,42
DTC_US,FR,SPU209,2026-01,79,0.1325,4.5,0.64,0.16,69,86
DTC_US,AU,SPU201,2025-10,14,0.0319,4.5,0.71,0.18,496,48
DTC_US,AU,SPU201,2025-11,43,0.0142,4.1,0.75,0.07,497,35
DTC_US,AU,SPU201,2025-12,137,0.1166,4.2,0.79,0.25,307,70
DTC_US,AU,SPU201,2026-01,196,0.0676,4.1,0.7,0.16,163,20
DTC_US,AU,SPU202,2025-10,55,0.0133,4.1,0.68,0.08,360,8
DTC_US,AU,SPU202,2025-11,80,0.0123,4.6,0.61,0.23,367,69
DTC_US,AU,SPU202,2025-12,56,0.0394,4.5,0.68,0.22,127,23
DTC_US,AU,SPU202,2026-01,163,0.0503,3.6,0.89,0.08,214,31
DTC_US,AU,SPU203,2025-10,122,0.1421,4.5,0.6,0.05,103,42
DTC_US,AU,SPU203,2025-11,37,0.1176,3.8,0.81,0.1,352,46
DTC_US,AU,SPU203,2025-12,56,0.0184,3.7,0.78,0.22,382,31
DTC_US,AU,SPU203,2026-01,50,0.1496,3.7,0.78,0.13,92,80
DTC_US,AU,SPU204,2025-10,99,0.0119,3.6,0.68,0.06,79,70
DTC_US,AU,SPU204,2025-11,74,0.1042,4.4,0.75,0.18,76,82
DTC_US,AU,SPU204,2025-12,38,0.1228,4.3,0.65,0.05,424,14
DTC_US,AU,SPU204,2026-01,119,0.0226,4.3,0.7,0.23,351,26
DTC_US,AU,SPU205,2025-10,45,0.1488,4.4,0.84,0.25,459,93
DTC_US,AU,SPU205,2025-11,105,0.1047,4.4,0.88,0.11,499,20
DTC_US,AU,SPU205,2025-12,196,0.1394,3.9,0.64,0.14,225,74
DTC_US,AU,SPU205,2026-01,149,0.0553,4.4,0.77,0.12,307,19
DTC_US,AU,SPU206,2025-10,53,0.1394,4.1,0.75,0.11,302,91
DTC_US,AU,SPU206,2025-11,113,0.0504,3.9,0.87,0.05,374,21
DTC_US,AU,SPU206,2025-12,92,0.0308,3.6,0.84,0.23,231,39
DTC_US,AU,SPU206,2026-01,142,0.082,3.6,0.76,0.13,448,73
DTC_US,AU,SPU207,2025-10,98,0.0646,4.1,0.64,0.07,442,58
DTC_US,AU,SPU207,2025-11,97,0.0667,3.6,0.62,0.23,470,69
DTC_US,AU,SPU207,2025-12,136,0.0558,3.9,0.72,0.18,345,12
DTC_US,AU,SPU207,2026-01,38,0.1073,4.0,0.82,0.18,383,80
DTC_US,AU,SPU208,2025-10,118,0.0459,4.5,0.73,0.25,494,49
DTC_US,AU,SPU208,2025-11,180,0.0361,3.5,0.69,0.14,456,90
DTC_US,AU,SPU208,2025-12,52,0.0375,3.7,0.89,0.07,45,27
DTC_US,AU,SPU208,2026-01,52,0.0489,4.5,0.8,0.22,454,16
DTC_US,AU,SPU209,2025-10,192,0.0427,4.3,0.85,0.06,446,23
DTC_US,AU,SPU209,2025-11,143,0.0453,3.9,0.78,0.23,251,76
DTC_US,AU,SPU209,2025-12,196,0.029,4.7,0.62,0.23,343,29
DTC_US,AU,SPU209,2026-01,149,0.1082,4.2,0.71,0.23,65,57
DTC_UK,US,SPU201,2025-10,97,0.1394,4.8,0.85,0.11,135,8
DTC_UK,US,SPU201,2025-11,84,0.1403,4.4,0.69,0.12,234,49
DTC_UK,US,SPU201,2025-12,32,0.0545,4.3,0.7,0.21,48,87
DTC_UK,US,SPU201,2026-01,106,0.0808,3.7,0.8,0.25,227,34
DTC_UK,US,SPU202,2025-10,102,0.1322,4.1,0.9,0.05,66,57
DTC_UK,US,SPU202,2025-11,73,0.074,4.0,0.74,0.13,26,26
DTC_UK,US,SPU202,2025-12,90,0.1436,3.7,0.74,0.17,400,54
DTC_UK,US,SPU202,2026-01,61,0.0516,3.7,0.8,0.06,151,47
DTC_UK,US,SPU203,2025-10,13,0.0873,4.3,0.86,0.17,272,28
DTC_UK,US,SPU203,2025-11,45,0.0856,3.6,0.77,0.23,165,32
DTC_UK,US,SPU203,2025-12,166,0.0301,3.7,0.73,0.17,36,43
DTC_UK,US,SPU203,2026-01,57,0.0547,4.1,0.75,0.09,297,79
DTC_UK,US,SPU204,2025-10,75,0.0982,4.6,0.84,0.11,474,5
DTC_UK,US,SPU204,2025-11,136,0.1325,4.8,0.65,0.19,219,28
DTC_UK,US,SPU204,2025-12,95,0.0757,4.0,0.9,0.05,445,37
DTC_UK,US,SPU204,2026-01,21,0.1431,3.5,0.89,0.07,266,33
DTC_UK,US,SPU205,2025-10,170,0.0894,4.0,0.78,0.05,191,58
DTC_UK,US,SPU205,2025-11,27,0.0939,4.7,0.71,0.09,436,63
DTC_UK,US,SPU205,2025-12,104,0.1249,4.6,0.78,0.12,112,92
DTC_UK,US,SPU205,2026-01,31,0.0405,4.7,0.74,0.14,104,59
DTC_UK,US,SPU206,2025-10,153,0.1313,3.7,0.72,0.05,452,13
DTC_UK,US,SPU206,2025-11,195,0.0359,3.6,0.78,0.2,499,63
DTC_UK,US,SPU206,2025-12,83,0.086,4.0,0.79,0.05,406,87
DTC_UK,US,SPU206,2026-01,19,0.0383,4.0,0.62,0.13,96,97
DTC_UK,US,SPU207,2025-10,156,0.1337,3.9,0.66,0.14,198,89
DTC_UK,US,SPU207,2025-11,54,0.0875,4.2,0.9,0.09,353,81
DTC_UK,US,SPU207,2025-12,80,0.0237,3.6,0.66,0.16,447,5
DTC_UK,US,SPU207,2026-01,19,0.1424,4.6,0.69,0.07,31,93
DTC_UK,US,SPU208,2025-10,197,0.0273,4.2,0.67,0.12,190,10
DTC_UK,US,SPU208,2025-11,180,0.0166,4.7,0.63,0.11,334,64
DTC_UK,US,SPU208,2025-12,72,0.1039,4.3,0.72,0.15,251,88
DTC_UK,US,SPU208,2026-01,77,0.0348,3.6,0.89,0.17,483,28
DTC_UK,US,SPU209,2025-10,185,0.0261,4.1,0.65,0.06,357,86
DTC_UK,US,SPU209,2025-11,75,0.0923,3.6,0.7,0.21,480,59
DTC_UK,US,SPU209,2025-12,156,0.149,3.8,0.86,0.22,447,92
DTC_UK,US,SPU209,2026-01,60,0.1136,4.3,0.61,0.09,95,59
DTC_UK,UK,SPU201,2025-10,101,0.1124,4.0,0.76,0.06,145,53
DTC_UK,UK,SPU201,2025-11,46,0.1069,3.7,0.72,0.16,352,91
DTC_UK,UK,SPU201,2025-12,63,0.0183,4.3,0.83,0.25,347,59
DTC_UK,UK,SPU201,2026-01,94,0.0708,3.7,0.72,0.12,134,68
DTC_UK,UK,SPU202,2025-10,96,0.0777,4.0,0.71,0.17,362,83
DTC_UK,UK,SPU202,2025-11,158,0.076,4.2,0.77,0.09,390,51
DTC_UK,UK,SPU202,2025-12,177,0.0456,4.1,0.61,0.19,366,13
DTC_UK,UK,SPU202,2026-01,118,0.0677,3.8,0.75,0.08,196,91
DTC_UK,UK,SPU203,2025-10,157,0.0466,4.0,0.78,0.15,44,62
DTC_UK,UK,SPU203,2025-11,50,0.0795,3.9,0.82,0.05,161,70
DTC_UK,UK,SPU203,2025-12,177,0.028,4.2,0.62,0.06,467,92
DTC_UK,UK,SPU203,2026-01,44,0.1355,3.8,0.61,0.22,364,20
DTC_UK,UK,SPU204,2025-10,156,0.1232,4.3,0.69,0.1,61,23
DTC_UK,UK,SPU204,2025-11,171,0.0354,4.5,0.72,0.14,64,10
DTC_UK,UK,SPU204,2025-12,30,0.0697,4.3,0.62,0.07,29,34
DTC_UK,UK,SPU204,2026-01,27,0.0497,4.0,0.84,0.05,210,44
DTC_UK,UK,SPU205,2025-10,18,0.0532,3.9,0.68,0.12,396,56
DTC_UK,UK,SPU205,2025-11,78,0.0742,4.2,0.8,0.19,32,8
DTC_UK,UK,SPU205,2025-12,179,0.113,3.8,0.64,0.18,210,13
DTC_UK,UK,SPU205,2026-01,126,0.0101,4.7,0.61,0.09,160,16
DTC_UK,UK,SPU206,2025-10,46,0.0435,4.5,0.83,0.11,331,64
DTC_UK,UK,SPU206,2025-11,32,0.0969,4.5,0.63,0.13,493,55
DTC_UK,UK,SPU206,2025-12,98,0.0313,3.9,0.62,0.09,172,17
DTC_UK,UK,SPU206,2026-01,131,0.0905,3.8,0.75,0.11,101,79
DTC_UK,UK,SPU207,2025-10,127,0.0539,4.3,0.72,0.05,401,66
DTC_UK,UK,SPU207,2025-11,153,0.1237,4.6,0.84,0.11,54,59
DTC_UK,UK,SPU207,2025-12,23,0.0356,4.7,0.71,0.12,492,20
DTC_UK,UK,SPU207,2026-01,120,0.0474,4.6,0.62,0.17,102,46
DTC_UK,UK,SPU208,2025-10,26,0.0523,4.6,0.86,0.2,428,10
DTC_UK,UK,SPU208,2025-11,161,0.0237,4.6,0.7,0.06,193,28
DTC_UK,UK,SPU208,2025-12,84,0.0815,3.7,0.69,0.21,185,65
DTC_UK,UK,SPU208,2026-01,87,0.0724,3.6,0.8,0.1,334,76
DTC_UK,UK,SPU209,2025-10,188,0.1424,3.9,0.86,0.08,404,33
DTC_UK,UK,SPU209,2025-11,65,0.1006,4.3,0.79,0.11,26,31
DTC_UK,UK,SPU209,2025-12,10,0.0766,4.6,0.72,0.08,350,46
DTC_UK,UK,SPU209,2026-01,126,0.099,4.0,0.77,0.11,228,52
DTC_UK,DE,SPU201,2025-10,142,0.1474,4.7,0.88,0.13,289,67
DTC_UK,DE,SPU201,2025-11,121,0.1076,4.0,0.86,0.2,170,86
DTC_UK,DE,SPU201,2025-12,59,0.0529,3.9,0.62,0.12,69,40
DTC_UK,DE,SPU201,2026-01,17,0.1073,4.3,0.86,0.08,371,65
DTC_UK,DE,SPU202,2025-10,169,0.1494,4.7,0.67,0.06,98,82
DTC_UK,DE,SPU202,2025-11,130,0.034,3.7,0.74,0.06,211,29
DTC_UK,DE,SPU202,2025-12,47,0.0188,4.0,0.74,0.14,108,60
DTC_UK,DE,SPU202,2026-01,103,0.0681,4.0,0.84,0.09,291,54
DTC_UK,DE,SPU203,2025-10,131,0.1043,3.7,0.68,0.06,151,89
DTC_UK,DE,SPU203,2025-11,176,0.0549,4.3,0.9,0.14,167,68
DTC_UK,DE,SPU203,2025-12,25,0.0627,4.2,0.74,0.22,341,13
DTC_UK,DE,SPU203,2026-01,116,0.1381,4.6,0.82,0.08,441,22
DTC_UK,DE,SPU204,2025-10,80,0.14,4.1,0.64,0.15,101,31
DTC_UK,DE,SPU204,2025-11,180,0.1142,4.4,0.67,0.2,207,74
DTC_UK,DE,SPU204,2025-12,71,0.0426,3.6,0.66,0.06,32,60
DTC_UK,DE,SPU204,2026-01,27,0.0733,4.5,0.81,0.21,484,83
DTC_UK,DE,SPU205,2025-10,155,0.1312,3.5,0.83,0.14,342,75
DTC_UK,DE,SPU205,2025-11,155,0.1482,4.5,0.67,0.16,324,56
DTC_UK,DE,SPU205,2025-12,123,0.0236,4.4,0.7,0.05,351,46
DTC_UK,DE,SPU205,2026-01,188,0.0271,3.5,0.87,0.06,347,69
DTC_UK,DE,SPU206,2025-10,191,0.0438,3.8,0.62,0.09,338,61
DTC_UK,DE,SPU206,2025-11,192,0.0413,4.0,0.73,0.25,145,33
DTC_UK,DE,SPU206,2025-12,178,0.0852,4.6,0.7,0.19,141,21
DTC_UK,DE,SPU206,2026-01,47,0.0549,3.7,0.83,0.07,75,23
DTC_UK,DE,SPU207,2025-10,66,0.0199,4.7,0.66,0.21,496,74
DTC_UK,DE,SPU207,2025-11,174,0.0341,4.1,0.82,0.08,398,65
DTC_UK,DE,SPU207,2025-12,63,0.0119,4.2,0.83,0.24,190,21
DTC_UK,DE,SPU207,2026-01,130,0.1224,4.8,0.78,0.15,181,50
DTC_UK,DE,SPU208,2025-10,87,0.0724,4.3,0.81,0.09,100,16
DTC_UK,DE,SPU208,2025-11,79,0.1017,4.0,0.8,0.07,77,74
DTC_UK,DE,SPU208,2025-12,155,0.0409,3.7,0.89,0.09,354,48
DTC_UK,DE,SPU208,2026-01,36,0.0593,3.6,0.65,0.13,204,73
DTC_UK,DE,SPU209,2025-10,70,0.0805,4.6,0.75,0.17,227,82
DTC_UK,DE,SPU209,2025-11,166,0.058,4.3,0.66,0.08,188,45
DTC_UK,DE,SPU209,2025-12,160,0.1144,4.6,0.81,0.23,124,5
DTC_UK,DE,SPU209,2026-01,70,0.0539,4.3,0.71,0.08,245,34
DTC_UK,FR,SPU201,2025-10,158,0.0635,3.7,0.66,0.1,189,55
DTC_UK,FR,SPU201,2025-11,65,0.0921,4.2,0.83,0.19,339,63
DTC_UK,FR,SPU201,2025-12,195,0.0352,3.6,0.87,0.12,234,64
DTC_UK,FR,SPU201,2026-01,31,0.0201,4.2,0.86,0.2,195,47
DTC_UK,FR,SPU202,2025-10,126,0.0642,3.6,0.64,0.11,164,92
DTC_UK,FR,SPU202,2025-11,66,0.0108,4.1,0.64,0.11,356,21
DTC_UK,FR,SPU202,2025-12,126,0.0899,4.3,0.81,0.1,421,59
DTC_UK,FR,SPU202,2026-01,166,0.0876,4.2,0.66,0.08,120,49
DTC_UK,FR,SPU203,2025-10,91,0.0382,4.7,0.63,0.05,423,51
DTC_UK,FR,SPU203,2025-11,116,0.0176,3.9,0.75,0.09,266,23
DTC_UK,FR,SPU203,2025-12,99,0.1387,4.1,0.7,0.24,357,57
DTC_UK,FR,SPU203,2026-01,140,0.0592,4.7,0.77,0.2,196,60
DTC_UK,FR,SPU204,2025-10,72,0.1115,4.5,0.85,0.25,375,11
DTC_UK,FR,SPU204,2025-11,55,0.1138,4.5,0.85,0.13,68,29
DTC_UK,FR,SPU204,2025-12,19,0.0188,4.0,0.78,0.14,153,20
DTC_UK,FR,SPU204,2026-01,157,0.0361,4.5,0.76,0.09,218,37
DTC_UK,FR,SPU205,2025-10,35,0.0138,4.0,0.63,0.16,429,79
DTC_UK,FR,SPU205,2025-11,11,0.0698,4.1,0.87,0.16,288,82
DTC_UK,FR,SPU205,2025-12,135,0.0725,3.7,0.66,0.05,85,77
DTC_UK,FR,SPU205,2026-01,96,0.0439,4.4,0.85,0.16,103,24
DTC_UK,FR,SPU206,2025-10,196,0.1414,4.1,0.81,0.22,97,20
DTC_UK,FR,SPU206,2025-11,92,0.0578,4.3,0.62,0.23,297,22
DTC_UK,FR,SPU206,2025-12,21,0.1279,4.3,0.7,0.09,499,52
DTC_UK,FR,SPU206,2026-01,28,0.0576,4.6,0.63,0.21,462,73
DTC_UK,FR,SPU207,2025-10,20,0.0484,4.6,0.82,0.21,28,19
DTC_UK,FR,SPU207,2025-11,140,0.0375,3.8,0.61,0.11,286,42
DTC_UK,FR,SPU207,2025-12,81,0.14,4.5,0.69,0.1,285,16
DTC_UK,FR,SPU207,2026-01,47,0.0839,3.8,0.62,0.2,164,71
DTC_UK,FR,SPU208,2025-10,199,0.1236,4.1,0.62,0.08,373,89
DTC_UK,FR,SPU208,2025-11,130,0.1458,4.4,0.88,0.2,373,10
DTC_UK,FR,SPU208,2025-12,145,0.056,4.1,0.61,0.1,21,12
DTC_UK,FR,SPU208,2026-01,148,0.0291,4.4,0.84,0.1,311,97
DTC_UK,FR,SPU209,2025-10,115,0.0711,4.4,0.73,0.11,168,54
DTC_UK,FR,SPU209,2025-11,176,0.1351,4.0,0.69,0.19,313,65
DTC_UK,FR,SPU209,2025-12,53,0.0542,4.6,0.61,0.06,70,42
DTC_UK,FR,SPU209,2026-01,161,0.0554,4.4,0.7,0.09,76,43
DTC_UK,AU,SPU201,2025-10,42,0.0701,3.6,0.63,0.22,323,46
DTC_UK,AU,SPU201,2025-11,36,0.0457,4.6,0.71,0.25,44,79
DTC_UK,AU,SPU201,2025-12,32,0.0151,3.6,0.85,0.07,83,75
DTC_UK,AU,SPU201,2026-01,42,0.1282,3.8,0.73,0.06,310,55
DTC_UK,AU,SPU202,2025-10,123,0.0585,4.3,0.71,0.17,49,48
DTC_UK,AU,SPU202,2025-11,62,0.0239,4.5,0.89,0.24,183,37
DTC_UK,AU,SPU202,2025-12,184,0.0498,4.2,0.85,0.19,369,23
DTC_UK,AU,SPU202,2026-01,195,0.1161,3.9,0.7,0.23,328,12
DTC_UK,AU,SPU203,2025-10,27,0.1378,4.3,0.76,0.1,304,7
DTC_UK,AU,SPU203,2025-11,99,0.0821,3.6,0.83,0.23,127,32
DTC_UK,AU,SPU203,2025-12,91,0.0628,4.3,0.62,0.19,301,94
DTC_UK,AU,SPU203,2026-01,97,0.0584,3.5,0.82,0.21,290,17
DTC_UK,AU,SPU204,2025-10,14,0.0369,4.4,0.68,0.11,162,11
DTC_UK,AU,SPU204,2025-11,49,0.0663,3.9,0.79,0.08,217,69
DTC_UK,AU,SPU204,2025-12,141,0.0416,4.3,0.61,0.12,256,95
DTC_UK,AU,SPU204,2026-01,177,0.0388,4.7,0.7,0.25,123,84
DTC_UK,AU,SPU205,2025-10,168,0.0129,3.5,0.73,0.21,372,96
DTC_UK,AU,SPU205,2025-11,18,0.0854,4.7,0.72,0.22,216,81
DTC_UK,AU,SPU205,2025-12,112,0.1418,4.4,0.71,0.24,343,57
DTC_UK,AU,SPU205,2026-01,42,0.0401,4.3,0.88,0.25,190,19
DTC_UK,AU,SPU206,2025-10,175,0.0534,4.0,0.67,0.09,23,99
DTC_UK,AU,SPU206,2025-11,155,0.0166,3.9,0.72,0.1,120,71
DTC_UK,AU,SPU206,2025-12,18,0.1317,3.7,0.88,0.09,245,82
DTC_UK,AU,SPU206,2026-01,13,0.0785,3.7,0.67,0.11,355,80
DTC_UK,AU,SPU207,2025-10,125,0.052,4.1,0.65,0.12,387,95
DTC_UK,AU,SPU207,2025-11,97,0.0917,4.6,0.65,0.17,313,27
DTC_UK,AU,SPU207,2025-12,159,0.0208,3.9,0.78,0.1,68,92
DTC_UK,AU,SPU207,2026-01,135,0.0154,4.0,0.89,0.13,117,59
DTC_UK,AU,SPU208,2025-10,186,0.1104,4.3,0.84,0.22,471,84
DTC_UK,AU,SPU208,2025-11,167,0.1453,4.4,0.62,0.22,143,53
DTC_UK,AU,SPU208,2025-12,85,0.087,4.0,0.86,0.09,362,57
DTC_UK,AU,SPU208,2026-01,93,0.0176,4.8,0.75,0.11,56,81
DTC_UK,AU,SPU209,2025-10,156,0.0527,3.8,0.64,0.11,327,23
DTC_UK,AU,SPU209,2025-11,118,0.0382,3.5,0.62,0.13,213,73
DTC_UK,AU,SPU209,2025-12,64,0.1483,4.1,0.65,0.23,413,14
DTC_UK,AU,SPU209,2026-01,111,0.0593,4.4,0.76,0.07,388,82
